t,area,nCasesByAge_1,nCasesByAge_2,nCasesByAge_3,nCasesByAge_4,nCasesByAge_5,nCasesByAge_6,nCasesByAge_7,nCasesByAge_8,nCasesByAge_9,nCasesByAge_10,nHospByAge_DOR_1,nHospByAge_DOR_2,nHospByAge_DOR_3,nHospByAge_DOR_4,nHospByAge_DOR_5,nHospByAge_DOR_6,nHospByAge_DOR_7,nHospByAge_DOR_8,nHospByAge_DOR_9,nHospByAge_DOR_10,nHospByAge_DOA_1,nHospByAge_DOA_2,nHospByAge_DOA_3,nHospByAge_DOA_4,nHospByAge_DOA_5,nHospByAge_DOA_6,nHospByAge_DOA_7,nHospByAge_DOA_8,nHospByAge_DOA_9,nHospByAge_DOA_10,nDiscByAge_1,nDiscByAge_2,nDiscByAge_3,nDiscByAge_4,nDiscByAge_5,nDiscByAge_6,nDiscByAge_7,nDiscByAge_8,nDiscByAge_9,nDiscByAge_10
25-Jan-2022,National,1,6,5,3,2,6,0,2,0,0,0,0,0,0,1,0,0,0,0,0,0,0,0,0,0,0,0,0,0,0,0,0,0,0,0,0,0,0,0,1
26-Jan-2022,National,10,13,6,11,11,6,5,0,0,0,0,0,0,0,0,1,0,0,0,0,0,0,0,0,1,0,0,0,1,1,0,0,0,0,1,0,0,0,0,0
27-Jan-2022,National,11,25,21,20,12,14,5,2,0,0,0,0,0,0,1,1,1,0,0,0,0,0,0,0,0,1,0,1,0,0,0,0,0,0,0,0,0,0,0,0
28-Jan-2022,National,8,20,22,16,12,13,6,3,0,0,0,0,0,0,0,0,0,1,0,0,0,0,0,0,1,0,0,1,0,0,0,0,0,0,0,0,0,1,0,0
29-Jan-2022,National,19,30,26,21,18,18,7,2,2,0,0,0,0,1,0,0,0,0,0,0,0,0,0,1,1,0,0,0,0,0,0,0,0,0,0,0,0,0,0,0
30-Jan-2022,National,8,20,20,14,11,10,5,4,1,0,1,0,0,0,0,1,0,0,0,0,2,0,0,0,0,1,0,1,0,0,1,0,0,1,1,0,0,0,0,0
31-Jan-2022,National,12,28,23,16,14,10,9,2,1,0,1,1,0,1,0,1,0,0,0,0,1,0,0,1,0,0,0,0,0,0,1,0,0,0,0,0,0,0,1,0
01-Feb-2022,National,17,30,27,22,15,11,6,1,1,0,0,0,0,1,0,0,0,0,0,0,0,0,0,1,1,1,1,0,1,0,0,0,0,0,0,0,0,0,0,0
02-Feb-2022,National,19,37,27,19,28,14,7,3,0,1,0,0,1,0,2,0,0,0,0,0,0,1,1,0,0,2,1,0,2,0,0,0,0,1,0,2,0,0,0,0
03-Feb-2022,National,21,48,46,51,27,32,9,4,1,0,1,1,1,1,0,1,1,0,0,0,2,2,1,0,1,0,2,2,1,2,1,1,2,0,1,1,0,0,0,0
04-Feb-2022,National,33,51,52,37,38,17,6,5,0,1,1,1,1,0,1,0,0,0,0,0,0,0,1,0,0,2,1,0,1,2,1,1,0,0,0,0,2,0,0,0
05-Feb-2022,National,20,30,42,40,22,17,3,3,2,0,1,0,0,1,0,1,0,0,0,0,1,0,0,0,0,1,0,1,1,1,1,1,1,0,0,0,0,0,0,0
06-Feb-2022,National,33,35,44,38,23,26,8,3,1,0,0,0,0,0,0,0,0,1,0,0,0,0,0,1,0,0,0,1,0,0,0,0,0,0,1,0,0,0,1,0
07-Feb-2022,National,37,32,54,37,34,14,11,7,0,0,0,0,0,0,1,0,0,1,0,0,0,0,0,1,1,0,1,1,0,0,0,0,0,1,1,0,0,0,1,0
08-Feb-2022,National,19,28,38,25,16,18,8,4,2,0,0,0,0,0,0,1,0,1,0,0,0,0,0,1,1,2,0,2,0,2,0,0,0,0,0,0,0,0,0,0
09-Feb-2022,National,52,60,102,78,60,42,19,5,1,0,1,0,5,1,2,1,1,0,0,0,2,0,2,0,1,0,0,1,1,0,1,0,2,1,1,2,0,2,1,0
10-Feb-2022,National,65,69,100,87,51,51,16,3,3,2,4,1,1,2,2,3,1,0,1,2,3,2,3,1,2,2,2,1,4,2,2,0,0,1,1,2,1,0,0,0
11-Feb-2022,National,68,123,162,124,89,55,23,10,4,0,3,1,1,0,3,0,1,0,3,0,3,0,0,3,1,2,1,1,5,0,2,2,2,2,0,1,1,0,1,1
12-Feb-2022,National,81,129,179,121,84,64,25,15,4,4,5,1,3,4,0,2,1,1,1,2,4,1,3,4,1,1,1,0,0,1,5,1,1,4,0,1,1,0,1,1
13-Feb-2022,National,90,135,151,116,80,52,30,13,3,0,3,0,3,3,0,0,3,3,2,0,4,0,4,1,0,1,1,2,2,1,4,0,3,1,2,1,0,4,0,0
14-Feb-2022,National,108,115,197,132,90,54,34,8,4,2,4,3,1,0,0,1,0,1,2,1,5,4,1,2,1,1,2,3,1,0,4,3,3,1,0,0,1,0,1,0
15-Feb-2022,National,144,246,267,237,127,88,38,16,3,1,7,5,2,3,2,3,1,5,0,1,6,4,2,4,2,2,0,3,1,0,6,4,4,4,0,2,0,0,0,0
16-Feb-2022,National,200,318,391,281,157,125,51,15,1,4,1,4,2,3,3,1,1,0,0,1,2,4,5,1,6,3,3,4,0,1,3,2,2,1,1,2,1,1,1,0
17-Feb-2022,National,210,366,537,321,215,161,67,18,3,0,8,2,6,4,5,1,1,0,0,0,7,3,3,4,2,1,2,4,4,1,5,4,3,3,5,0,3,0,0,1
18-Feb-2022,National,172,405,484,308,182,112,66,27,4,1,5,6,2,3,5,3,3,4,0,0,4,3,3,1,5,6,2,4,1,2,6,2,2,3,3,1,0,4,1,0
19-Feb-2022,National,283,606,644,399,250,187,77,32,20,4,11,6,7,6,4,10,2,4,2,2,12,5,5,5,2,6,4,5,3,0,10,5,4,4,2,2,2,2,0,0
20-Feb-2022,National,226,531,530,319,216,139,82,27,15,4,5,7,10,9,2,1,4,5,9,3,10,8,7,7,6,4,7,4,6,1,6,6,5,4,3,4,2,4,2,0
21-Feb-2022,National,275,780,748,469,275,172,74,33,11,0,14,10,10,9,9,6,6,3,2,0,9,8,9,7,8,6,6,8,4,0,10,8,6,10,6,5,2,4,3,0
22-Feb-2022,National,320,1033,886,449,342,226,113,45,18,1,11,8,12,7,5,14,8,8,6,1,14,11,16,10,5,12,5,4,6,2,13,11,13,6,6,4,6,1,3,1
23-Feb-2022,National,357,1046,1023,699,396,249,126,45,17,2,24,7,18,16,11,10,11,8,4,0,22,7,17,19,8,14,9,8,9,1,20,9,13,12,8,10,5,4,1,1
24-Feb-2022,National,412,1352,1687,830,523,360,139,63,20,2,14,6,13,12,6,7,9,12,5,1,18,9,16,13,6,7,13,13,8,1,11,6,16,13,5,10,5,3,3,2
25-Feb-2022,National,1856,5532,6982,4426,2795,1697,724,257,81,7,20,13,28,19,11,14,17,8,9,1,16,6,10,8,10,12,10,5,11,3,16,7,12,12,11,8,10,12,7,2
26-Feb-2022,National,1207,3190,3155,2212,1431,925,421,167,42,8,20,9,12,17,4,7,9,14,5,3,14,5,8,15,5,8,7,11,6,2,14,7,13,9,5,5,9,5,4,1
27-Feb-2022,National,1376,3451,3587,2633,1786,1018,499,162,47,13,13,10,7,14,9,13,3,6,4,0,21,11,8,8,12,8,8,7,4,2,21,7,8,9,6,6,3,8,5,0
28-Feb-2022,National,1781,4325,5072,3564,2488,1646,727,211,76,9,18,13,17,13,13,15,9,3,7,1,18,9,12,16,11,13,8,5,10,1,23,10,12,16,9,5,7,13,2,0
01-Mar-2022,National,2295,4639,5597,3961,2651,1787,873,308,107,26,21,15,21,24,11,18,20,11,13,6,15,17,19,18,6,12,14,8,14,6,13,9,14,12,5,8,9,1,9,2
02-Mar-2022,National,2108,4582,6212,4227,2894,1916,867,310,74,16,20,10,16,19,14,21,12,14,6,2,20,8,24,18,8,17,15,18,9,2,21,15,16,14,5,10,6,9,6,3
03-Mar-2022,National,2267,4324,5637,4197,2821,1876,951,349,101,18,29,9,10,16,20,24,17,14,18,4,23,9,12,17,16,16,9,15,13,6,23,9,20,18,11,13,13,10,6,0
04-Mar-2022,National,1981,3557,4381,3489,2597,1685,829,297,105,20,18,12,11,7,20,25,18,15,15,5,26,9,19,12,11,27,20,15,8,6,20,7,15,19,10,18,16,9,6,4
05-Mar-2022,National,1794,2962,3346,2751,2034,1339,651,277,83,11,23,9,21,13,10,23,22,11,7,2,22,12,12,16,11,20,14,6,9,3,14,11,19,14,14,19,11,5,3,0
06-Mar-2022,National,1825,3526,3755,3276,2365,1599,764,294,74,13,19,11,14,20,21,10,11,23,5,3,19,6,19,13,12,18,15,25,10,3,27,4,15,12,6,13,8,5,4,0
07-Mar-2022,National,2423,4621,5235,4499,3253,2219,1159,373,125,20,20,8,23,18,22,25,25,10,12,4,18,11,11,16,26,22,21,13,12,4,17,13,14,19,25,23,19,18,13,4
08-Mar-2022,National,2310,4257,5074,4132,3190,1952,1074,355,115,22,21,14,15,20,20,23,19,29,21,3,17,16,18,15,24,26,19,23,13,6,19,12,15,14,22,24,16,16,9,3
09-Mar-2022,National,1983,3868,4713,3964,3089,2021,936,331,110,23,19,6,21,22,16,28,15,18,12,7,21,4,20,15,17,19,23,12,14,6,22,9,16,15,14,25,11,13,9,6
10-Mar-2022,National,2543,3852,4071,3806,3038,1963,1111,452,187,35,28,8,12,20,11,25,18,22,14,4,33,11,14,20,16,18,21,25,9,3,21,10,17,17,23,18,16,11,18,4
11-Mar-2022,National,2635,3553,3403,3246,2630,1764,935,400,134,23,26,4,11,20,19,21,17,22,11,3,23,12,13,20,21,28,14,16,13,3,26,12,13,21,21,25,19,22,16,5
12-Mar-2022,National,1962,2755,2639,2484,2080,1384,738,329,111,29,22,10,13,12,18,20,16,13,17,3,20,7,14,16,15,19,19,15,13,0,24,7,16,12,21,16,14,8,6,1
13-Mar-2022,National,2077,3001,2771,2825,2266,1453,804,279,88,16,33,8,12,17,19,13,17,17,15,3,31,7,9,19,14,17,17,19,16,6,29,9,8,18,15,13,14,10,5,0
14-Mar-2022,National,2880,4198,3876,3879,3070,2022,1114,426,155,32,24,11,13,12,21,14,19,18,9,2,28,10,22,12,22,19,15,15,13,3,24,11,17,13,14,22,20,17,8,3
15-Mar-2022,National,2575,3666,3709,3463,2830,1757,981,355,147,36,23,10,12,20,16,16,26,22,14,6,26,11,16,22,20,16,28,24,15,1,28,11,17,19,18,27,19,23,18,3
16-Mar-2022,National,2375,3592,3701,3645,2862,1825,1000,393,151,39,20,6,13,14,17,13,20,18,11,6,21,7,6,15,17,16,16,14,15,5,19,11,7,18,15,21,23,28,18,5
17-Mar-2022,National,2426,3009,2907,3036,2568,1707,874,359,160,41,24,5,11,15,11,17,10,10,17,5,20,7,15,15,13,19,11,21,14,4,20,5,13,13,14,16,18,15,10,2
18-Mar-2022,National,2394,2800,2556,2730,2241,1513,817,390,132,32,20,10,11,14,14,13,17,16,13,6,24,7,10,18,14,13,16,12,13,0,21,4,15,15,21,18,13,16,9,2
19-Mar-2022,National,1888,2252,1930,2112,1788,1148,572,227,82,25,21,3,3,12,9,14,6,9,8,2,20,6,7,16,14,15,8,8,12,2,22,8,11,17,12,14,7,10,5,0
20-Mar-2022,National,2119,2769,2448,2593,2159,1272,677,305,103,25,24,3,8,11,11,15,9,7,14,1,24,6,10,11,7,11,13,8,10,2,20,4,8,13,8,8,4,6,2,0
21-Mar-2022,National,3204,4000,3542,3678,3086,1868,950,447,146,37,23,7,13,13,12,20,17,21,15,5,20,6,9,10,13,23,19,17,15,2,22,7,10,13,14,14,18,17,16,3
22-Mar-2022,National,2888,3660,3593,3643,2895,1815,986,430,172,54,21,4,10,16,13,15,20,17,13,2,20,2,9,23,13,9,24,16,13,3,26,2,13,17,15,20,25,13,16,4
23-Mar-2022,National,2449,3151,3411,3461,2732,1717,938,408,155,43,33,6,4,18,15,19,11,21,8,2,24,6,6,16,8,14,9,12,4,2,22,10,8,15,10,21,16,15,18,3
24-Mar-2022,National,2331,2821,2689,2763,2491,1487,831,336,141,35,12,9,9,7,9,17,16,12,7,1,24,9,12,9,15,23,14,19,8,4,25,3,10,16,13,14,15,18,12,6
25-Mar-2022,National,2188,2474,2284,2411,2188,1358,749,354,142,29,23,10,12,6,10,14,13,19,5,2,23,9,11,9,9,15,12,20,8,2,28,11,11,14,11,18,22,15,22,6
26-Mar-2022,National,1745,1894,1675,1849,1571,997,582,234,97,19,16,7,5,13,5,4,9,10,9,3,13,5,3,11,6,8,7,12,10,3,15,7,4,16,4,9,7,12,2,3
27-Mar-2022,National,1961,2291,1888,2287,1848,1218,663,249,79,24,16,7,7,6,1,13,9,6,8,5,19,7,7,5,5,14,9,12,12,3,13,5,6,5,7,14,9,6,5,3
28-Mar-2022,National,2747,3112,2736,2948,2510,1620,938,369,159,43,20,8,10,12,13,12,20,17,14,6,15,12,14,8,11,12,17,14,9,4,21,5,13,11,13,17,18,23,19,6
29-Mar-2022,National,2301,2777,2778,2859,2355,1496,871,353,137,37,11,10,5,13,10,19,18,15,13,4,11,9,6,11,8,22,21,15,6,3,15,13,6,9,10,18,20,15,10,7
30-Mar-2022,National,2075,2481,2639,2828,2378,1481,862,361,154,30,24,7,7,9,17,9,12,18,13,6,18,7,4,15,20,9,12,15,9,6,16,10,5,12,11,13,15,19,6,4
31-Mar-2022,National,2015,2180,2183,2449,2064,1342,751,350,149,40,16,4,3,10,12,15,13,8,11,3,20,5,4,11,9,14,13,7,11,3,18,7,6,12,12,12,13,19,16,2
01-Apr-2022,National,1835,1983,1728,2065,1757,1160,638,327,132,35,19,6,4,8,7,11,9,6,13,4,24,2,4,9,8,10,16,12,15,5,22,5,5,10,14,16,17,21,11,2
02-Apr-2022,National,1391,1541,1296,1492,1346,899,532,230,82,23,20,5,9,2,7,4,13,4,8,4,17,6,4,3,5,9,11,8,13,3,11,5,3,6,7,9,10,9,3,4
03-Apr-2022,National,1580,1725,1590,1816,1587,1030,608,215,75,24,14,2,5,6,5,2,9,9,10,4,19,5,10,7,6,7,5,12,6,4,18,3,10,3,4,8,7,2,8,0
04-Apr-2022,National,2249,2478,2145,2519,2041,1415,822,361,130,29,14,3,5,10,14,16,17,11,6,0,15,2,9,10,16,16,17,5,14,3,14,1,6,8,16,9,21,12,19,8
05-Apr-2022,National,1922,2055,2073,2250,1857,1236,739,345,143,35,11,4,9,10,8,12,11,10,11,4,13,5,9,10,10,20,13,12,7,2,14,3,7,13,8,22,8,15,16,10
06-Apr-2022,National,1561,1758,2026,2168,1796,1170,785,274,126,40,16,0,10,4,7,11,9,15,5,6,14,3,7,6,10,5,8,11,7,4,19,5,8,9,13,16,14,14,11,6
07-Apr-2022,National,1368,1545,1625,1825,1494,970,660,325,127,48,6,4,6,6,5,5,14,7,9,3,10,3,5,8,6,5,17,9,8,3,10,5,3,10,8,7,11,8,9,4
08-Apr-2022,National,1331,1341,1263,1518,1298,819,552,307,110,30,16,3,6,7,9,11,11,9,7,1,13,1,5,8,9,9,9,2,6,4,14,2,8,10,8,7,14,7,11,4
09-Apr-2022,National,1095,1108,962,1250,987,652,415,205,68,21,8,3,2,5,4,6,5,7,7,3,13,4,3,5,5,8,6,11,6,3,16,1,6,4,3,4,9,9,3,1
10-Apr-2022,National,1116,1296,1172,1448,1144,770,432,191,62,17,9,1,3,4,2,8,5,3,5,2,10,2,3,7,6,9,10,5,6,4,9,6,5,4,3,11,4,4,2,2
11-Apr-2022,National,1675,1820,1807,1966,1590,1134,685,341,128,34,20,3,5,6,11,8,10,11,13,1,14,0,6,9,10,6,5,10,9,1,11,0,5,6,8,16,11,12,4,4
12-Apr-2022,National,1315,1514,1616,1758,1364,949,608,275,125,31,9,3,0,12,7,6,6,12,12,0,11,7,3,9,11,5,12,13,10,1,13,4,6,9,10,7,12,16,16,5
13-Apr-2022,National,1222,1422,1707,1826,1425,972,606,293,139,39,12,5,5,4,9,5,11,6,13,5,7,2,5,4,10,4,9,8,12,1,9,2,5,5,8,6,8,7,11,2
14-Apr-2022,National,939,1072,1258,1407,1272,898,531,306,128,36,5,2,4,10,5,13,11,12,14,1,6,4,1,8,3,11,7,12,11,1,10,6,3,6,11,8,15,14,7,3
15-Apr-2022,National,795,864,899,1051,864,597,407,191,72,22,11,0,4,1,3,9,10,10,6,5,14,0,5,4,4,8,9,7,4,4,9,1,2,6,9,7,8,5,6,2
16-Apr-2022,National,817,877,921,1018,912,644,428,215,100,35,10,2,3,2,4,4,4,8,8,4,13,1,2,2,5,1,10,11,14,4,11,1,1,1,1,5,4,10,11,1
17-Apr-2022,National,801,952,1030,1173,933,657,419,215,85,23,12,1,2,4,8,5,10,10,9,3,7,3,0,3,7,3,7,10,13,5,15,0,1,3,5,4,7,6,8,4
18-Apr-2022,National,902,1223,1586,1560,1280,886,585,281,74,33,10,4,4,5,8,9,10,11,8,7,9,3,6,5,3,10,6,4,8,6,12,3,2,4,6,8,9,9,6,0
19-Apr-2022,National,1236,1511,2059,2161,1617,1282,829,392,176,59,13,5,6,8,9,9,10,13,7,2,11,2,2,7,9,7,5,17,11,6,13,4,4,9,4,10,10,13,12,1
20-Apr-2022,National,1026,1355,1989,1888,1545,1169,779,367,161,64,10,5,3,4,8,10,4,7,10,5,7,5,8,8,4,8,14,15,8,3,8,3,9,3,9,5,14,15,12,7
21-Apr-2022,National,979,1262,1591,1676,1475,1125,759,392,152,53,8,5,9,7,6,6,9,16,16,3,10,5,7,4,7,11,8,16,16,5,4,4,3,8,10,7,13,13,14,8
22-Apr-2022,National,902,1034,1282,1320,1194,1058,670,337,149,53,11,1,3,7,6,13,12,11,15,4,10,1,6,9,7,11,7,12,11,4,13,4,9,9,6,12,11,12,20,6
23-Apr-2022,National,619,734,926,1020,878,710,474,240,87,17,8,1,2,8,1,4,5,8,6,0,9,3,1,5,5,3,5,7,10,2,9,1,5,8,6,5,9,7,4,1
24-Apr-2022,National,544,808,981,970,870,733,485,212,96,19,9,2,2,4,5,4,8,7,11,2,9,1,3,7,5,4,8,8,9,6,9,3,3,5,8,10,1,8,8,0
25-Apr-2022,National,550,830,1286,1224,1001,788,478,214,77,19,6,1,3,6,7,3,4,8,9,8,8,0,3,2,8,6,9,9,13,3,10,1,2,3,7,8,6,4,6,4
26-Apr-2022,National,827,1238,2082,1667,1388,1274,823,407,196,63,6,1,10,5,7,6,10,6,14,5,7,5,6,5,4,9,9,7,9,4,6,3,4,4,5,4,11,16,17,4
27-Apr-2022,National,667,1099,2089,1527,1264,1150,752,401,165,51,9,0,4,4,11,14,11,13,17,5,8,0,10,6,3,11,15,12,15,2,10,1,8,6,4,11,6,14,13,4
28-Apr-2022,National,666,1051,1634,1438,1234,1051,692,398,145,30,5,1,2,4,6,3,12,14,7,3,7,1,3,6,10,6,12,12,11,5,3,2,3,5,2,4,13,12,11,1
29-Apr-2022,National,684,902,1306,1185,974,957,588,356,146,40,7,3,3,6,3,8,10,7,9,3,8,1,1,6,3,10,9,9,8,4,8,3,4,8,6,8,11,10,8,3
30-Apr-2022,National,582,718,1090,906,828,747,480,282,100,27,6,2,2,3,5,6,5,13,4,2,6,3,2,5,6,1,6,9,9,3,8,3,2,1,6,7,5,8,7,1
01-May-2022,National,594,924,1231,1086,977,935,537,269,123,27,9,6,5,3,3,5,8,10,12,1,7,6,2,1,4,5,7,13,12,0,6,4,2,5,4,5,8,10,5,2
02-May-2022,National,759,1179,1766,1539,1299,1219,781,436,184,40,3,3,4,4,5,6,1,14,14,3,6,4,5,3,1,5,4,11,9,1,8,2,3,3,1,9,9,8,11,2
03-May-2022,National,634,1082,1828,1449,1187,1131,741,408,180,41,8,6,13,6,3,5,18,14,9,3,6,4,10,5,10,5,15,16,13,3,8,4,8,4,11,4,6,11,12,2
04-May-2022,National,611,1045,1911,1482,1168,1146,803,412,158,32,6,3,12,4,4,4,12,13,13,2,7,4,8,4,1,7,10,10,12,3,6,3,11,5,5,4,11,15,16,4
05-May-2022,National,637,895,1451,1246,1007,994,703,365,141,36,9,3,1,3,1,7,9,14,6,2,7,1,2,3,4,2,7,9,9,2,8,2,1,3,2,7,10,15,11,5
06-May-2022,National,627,901,1276,1045,912,901,643,352,141,41,8,0,4,6,9,6,2,13,9,3,7,2,4,3,10,5,7,12,8,0,3,2,4,5,8,4,5,10,12,3
07-May-2022,National,534,741,1040,1004,806,757,471,249,107,22,15,3,4,1,6,6,7,9,13,2,15,2,5,4,3,7,9,8,9,3,13,2,5,3,5,5,7,3,2,1
08-May-2022,National,566,1025,1140,1071,920,880,519,265,90,17,3,3,2,3,1,5,3,5,9,0,5,2,4,5,7,5,4,12,9,1,7,2,5,2,3,5,5,4,3,2
09-May-2022,National,946,1348,1657,1525,1338,1179,762,407,166,40,5,3,7,4,6,5,9,14,15,2,5,4,6,1,3,6,11,15,10,3,5,2,5,3,5,7,13,14,12,3
10-May-2022,National,722,1145,1528,1302,1176,1050,665,361,144,32,13,2,4,5,4,3,5,9,8,3,10,1,5,8,5,8,4,11,16,1,16,3,6,5,6,5,9,16,14,6
11-May-2022,National,739,1305,1861,1641,1420,1222,753,410,153,40,10,6,7,6,10,13,6,14,17,2,8,5,10,9,6,13,9,12,14,5,8,3,6,9,7,11,7,13,8,2
12-May-2022,National,700,1071,1273,1213,1173,951,620,365,154,30,6,7,11,5,5,11,16,7,10,3,7,6,9,3,6,8,11,7,11,2,5,2,7,4,6,12,7,16,11,1
13-May-2022,National,690,1080,1049,1157,1081,924,658,335,152,34,6,2,6,3,5,8,6,4,16,1,6,5,5,2,4,6,8,9,13,1,10,6,7,7,4,3,8,11,23,3
14-May-2022,National,518,928,848,949,977,771,491,235,100,20,5,4,1,6,6,7,8,9,9,5,9,1,5,4,4,6,6,11,6,4,7,2,6,3,7,10,3,6,3,0
15-May-2022,National,612,1133,1048,1215,1154,987,603,291,111,21,5,1,2,6,10,1,5,17,9,4,3,4,5,3,6,4,6,15,9,7,4,4,6,2,3,3,3,4,5,1
16-May-2022,National,898,1584,1550,1605,1488,1300,876,483,202,40,7,7,5,9,8,6,8,17,19,4,7,5,5,7,7,7,9,12,11,7,5,3,4,1,7,7,17,15,14,5
17-May-2022,National,843,1420,1584,1531,1536,1252,803,465,202,55,4,0,5,6,12,12,15,12,15,4,3,1,3,9,9,9,15,19,19,4,5,5,3,11,9,10,8,18,21,2
18-May-2022,National,673,1288,1447,1599,1443,1235,819,485,228,54,5,0,3,6,5,9,13,11,13,5,4,1,2,5,10,11,14,10,13,3,2,1,3,6,13,8,13,12,11,6
19-May-2022,National,644,1113,1140,1281,1298,1097,690,428,196,59,4,4,6,9,6,7,3,7,8,3,5,3,3,10,8,7,3,14,14,6,5,7,4,7,4,9,10,12,11,8
20-May-2022,National,614,1048,918,1000,1088,917,551,384,194,57,5,2,3,6,9,8,8,13,13,3,6,4,4,6,9,7,9,8,10,4,6,4,6,7,9,9,7,12,22,2
21-May-2022,National,426,785,743,791,822,715,451,249,79,22,6,0,6,2,2,2,4,13,4,3,6,0,5,4,4,8,6,12,9,5,4,0,2,7,9,5,4,8,8,2
22-May-2022,National,579,1031,838,963,993,840,500,222,94,27,9,2,4,1,3,6,4,8,9,4,6,3,5,4,9,5,3,8,10,2,8,1,5,6,7,4,4,7,4,2
23-May-2022,National,782,1395,1201,1304,1399,1118,773,407,182,46,7,2,3,6,5,10,10,7,8,3,6,1,3,5,1,5,3,8,5,3,7,2,5,4,5,5,4,12,11,5
24-May-2022,National,710,1189,1194,1365,1349,1087,761,424,193,39,6,2,4,9,6,10,14,9,12,11,10,2,3,4,4,8,15,7,17,3,4,2,5,3,4,5,9,17,17,7
25-May-2022,National,629,1066,1178,1291,1268,1071,673,399,148,36,6,4,4,3,5,3,5,10,12,3,6,4,4,7,7,6,7,8,8,5,12,3,5,7,6,9,8,7,9,2
26-May-2022,National,526,958,1032,1196,1132,997,650,343,159,40,3,1,3,5,3,8,4,8,10,3,1,1,6,4,5,6,5,9,14,2,2,2,5,3,5,6,7,7,14,1
27-May-2022,National,576,903,855,1021,1096,840,624,367,148,35,6,2,1,5,4,7,11,13,12,5,8,2,3,4,4,2,10,18,20,6,2,1,2,5,4,9,14,9,10,4
28-May-2022,National,412,712,627,823,781,689,495,277,72,24,6,2,1,4,1,5,9,17,7,6,6,3,0,4,2,4,6,10,8,5,9,0,2,2,3,4,6,9,7,3
29-May-2022,National,519,870,770,975,992,857,557,282,88,25,2,4,1,1,7,3,5,12,12,4,1,3,3,2,9,8,9,14,14,7,5,4,2,4,2,5,6,11,7,1
30-May-2022,National,736,1243,1168,1441,1346,1119,862,440,206,62,5,3,5,4,5,12,12,13,15,5,6,4,2,4,5,12,11,11,13,3,5,6,2,8,9,11,6,14,9,3
31-May-2022,National,682,1101,1190,1418,1330,1194,783,458,180,42,6,5,7,4,6,6,13,17,9,2,5,2,5,6,4,7,17,12,11,5,3,2,4,4,6,7,4,18,9,4
01-Jun-2022,National,587,846,1156,1315,1280,1194,862,510,222,62,5,2,4,7,6,9,9,19,21,7,5,3,6,3,7,8,12,17,13,9,2,2,3,4,7,8,14,13,18,5
02-Jun-2022,National,537,790,786,1042,1053,904,655,390,173,41,8,4,3,4,2,5,14,12,13,5,10,6,2,6,2,9,13,11,19,3,7,6,7,5,2,7,10,11,15,8
03-Jun-2022,National,520,794,752,1072,1075,884,665,436,180,41,8,3,3,7,6,3,8,14,14,4,7,1,6,2,6,5,10,20,9,3,8,2,4,4,6,6,13,15,18,5
04-Jun-2022,National,393,547,559,757,703,657,460,270,106,29,4,2,5,4,4,3,5,6,9,4,5,0,3,6,2,4,7,12,9,3,4,1,5,5,2,2,12,9,4,3
05-Jun-2022,National,454,564,552,708,775,650,419,257,88,25,3,1,0,5,7,4,5,14,6,2,2,2,1,4,6,3,5,13,7,2,7,1,1,3,6,4,1,14,2,0
06-Jun-2022,National,507,762,813,1016,1013,812,573,295,120,12,4,1,4,5,4,6,7,15,9,1,2,1,1,5,10,6,7,12,7,0,7,0,0,3,4,3,4,10,7,1
07-Jun-2022,National,655,877,975,1152,1108,1042,713,459,211,73,5,0,3,2,4,8,6,17,12,1,5,0,3,3,6,5,11,13,18,3,5,1,3,5,1,6,11,15,16,3
08-Jun-2022,National,635,886,1216,1335,1309,1174,883,482,161,53,5,2,6,7,6,6,12,10,16,3,5,3,7,7,3,8,12,13,12,2,1,3,6,4,6,9,13,23,18,4
09-Jun-2022,National,513,733,834,1070,1089,946,666,397,160,42,5,1,1,4,2,4,7,11,8,4,6,2,4,5,3,11,6,14,7,4,4,1,3,6,7,5,13,12,13,4
10-Jun-2022,National,415,537,783,857,816,775,569,319,163,27,3,0,7,1,3,5,9,7,10,3,3,2,4,4,3,8,7,9,9,2,7,2,7,5,1,12,10,13,12,6
11-Jun-2022,National,380,495,578,726,660,638,519,312,154,30,1,3,3,2,5,4,7,13,12,1,2,2,5,1,3,4,7,14,12,3,2,2,3,1,3,5,3,10,7,1
12-Jun-2022,National,358,529,667,745,727,698,472,239,97,21,7,2,2,2,6,7,7,10,12,4,5,2,2,3,3,2,6,9,11,3,4,2,3,5,3,1,2,6,6,0
13-Jun-2022,National,540,697,909,1106,950,877,640,379,177,63,5,2,3,4,3,5,13,8,14,1,3,2,2,4,3,5,7,18,13,2,4,4,0,4,3,10,8,9,11,5
14-Jun-2022,National,499,583,866,968,884,776,599,362,165,35,8,2,6,2,1,4,5,13,16,0,4,3,5,1,5,6,3,12,13,4,5,2,3,3,6,6,13,11,21,4
15-Jun-2022,National,448,576,788,967,851,815,629,333,134,48,7,2,3,4,1,8,10,13,7,7,13,2,5,3,5,7,16,5,14,2,6,4,6,5,6,7,6,14,12,5
16-Jun-2022,National,440,486,729,877,716,723,537,325,147,38,7,0,1,2,4,5,10,10,11,3,7,0,2,3,2,4,10,12,10,3,10,0,6,1,2,3,10,10,12,4
17-Jun-2022,National,413,428,594,757,655,633,522,304,161,48,1,0,4,3,2,7,8,5,12,4,2,0,4,3,3,5,10,7,10,5,4,0,3,4,1,7,10,14,14,7
18-Jun-2022,National,287,336,435,612,507,468,382,191,78,16,4,2,3,3,4,5,4,8,7,2,4,1,5,3,2,9,9,5,9,3,3,0,1,2,1,1,9,3,8,3
19-Jun-2022,National,342,469,562,672,668,639,405,252,95,23,5,3,4,2,3,9,10,14,9,5,4,2,2,1,0,7,8,20,14,5,2,3,4,2,1,8,5,5,8,2
20-Jun-2022,National,485,618,776,943,938,795,619,382,203,46,9,0,2,2,6,6,10,14,14,1,6,0,4,3,4,8,8,11,12,3,12,0,3,2,5,4,13,23,15,6
21-Jun-2022,National,417,559,807,1019,852,803,567,378,203,74,3,3,2,2,5,7,10,8,15,5,3,1,3,2,7,9,15,14,10,5,5,1,4,3,3,8,12,10,10,4
22-Jun-2022,National,454,493,682,940,895,842,579,356,165,29,8,3,2,3,6,2,10,15,13,1,5,5,2,3,8,3,7,13,21,4,5,3,3,0,7,4,12,10,18,3
23-Jun-2022,National,397,473,605,825,739,755,569,336,159,56,5,1,3,1,9,10,9,11,15,4,12,2,1,2,6,5,10,17,16,4,7,4,0,4,8,9,11,13,13,5
24-Jun-2022,National,308,403,489,658,592,594,449,270,121,21,7,0,2,2,0,6,5,10,6,2,6,0,0,2,3,5,5,12,16,3,7,0,2,4,2,4,5,10,11,6
25-Jun-2022,National,370,417,589,773,726,654,516,303,142,28,5,1,1,4,4,8,9,12,11,1,4,1,1,6,3,8,12,13,11,1,4,0,0,4,3,4,8,7,5,1
26-Jun-2022,National,420,572,725,899,972,904,637,357,141,32,9,1,4,0,8,7,13,11,14,6,14,2,2,0,6,8,6,13,16,2,8,2,2,0,7,6,3,10,5,1
27-Jun-2022,National,609,756,1159,1388,1240,1250,957,523,282,66,12,4,5,7,4,11,8,14,16,6,8,2,6,4,6,10,10,17,18,4,10,2,4,1,4,12,10,9,19,2
28-Jun-2022,National,517,639,1287,1315,1217,1185,876,526,287,76,5,0,2,7,4,8,10,21,21,7,5,0,3,3,3,10,13,17,25,8,6,0,5,4,4,11,15,14,18,2
29-Jun-2022,National,449,601,1192,1313,1125,1159,895,595,255,57,7,3,7,4,5,7,12,23,22,5,7,2,8,2,2,7,9,13,22,7,8,2,8,2,7,10,12,17,18,6
30-Jun-2022,National,480,631,1035,1201,1052,1154,809,545,237,44,6,2,5,9,2,3,13,14,26,4,6,3,5,8,6,5,11,15,19,3,8,0,4,1,5,11,12,14,17,5
01-Jul-2022,National,487,544,906,1000,917,1028,821,554,319,80,7,0,1,3,4,6,16,17,13,4,8,0,2,6,4,7,16,23,25,12,7,2,4,7,1,4,12,17,20,5
02-Jul-2022,National,345,463,694,852,793,827,678,446,163,31,11,0,3,5,7,5,7,12,15,8,9,0,2,5,4,6,12,18,15,6,10,1,2,5,5,7,9,6,12,1
03-Jul-2022,National,410,636,843,1088,949,1071,789,435,177,34,8,3,3,3,1,6,9,16,16,3,8,1,2,6,5,7,7,20,19,3,7,0,2,7,4,1,9,6,5,1
04-Jul-2022,National,619,870,1287,1550,1453,1484,1181,728,355,105,10,3,1,8,6,15,15,18,29,13,8,1,6,3,2,12,12,20,20,11,11,3,2,3,4,9,9,24,27,8
05-Jul-2022,National,616,842,1531,1781,1543,1695,1203,704,325,78,8,2,6,8,5,13,15,31,18,9,9,6,5,8,4,7,14,17,20,8,5,4,6,6,6,8,12,25,12,5
06-Jul-2022,National,591,868,1492,1735,1572,1711,1295,804,374,115,7,0,3,2,7,8,17,27,33,11,8,2,4,7,8,12,22,19,28,6,7,4,5,10,4,4,15,14,28,8
07-Jul-2022,National,563,762,1272,1560,1343,1447,1146,735,367,93,10,1,5,8,5,8,5,21,25,11,11,1,4,9,7,14,5,25,33,10,12,2,3,8,8,11,13,20,14,5
08-Jul-2022,National,591,758,1212,1494,1312,1486,1207,802,333,98,5,1,3,8,7,12,14,29,28,22,8,0,1,8,8,7,16,24,19,20,6,0,4,7,9,11,15,29,23,8
09-Jul-2022,National,483,660,1002,1185,1076,1255,955,582,219,58,10,4,2,6,7,13,12,25,27,9,8,2,2,5,4,10,7,22,31,5,8,2,0,3,3,4,8,9,11,6
10-Jul-2022,National,542,771,1187,1375,1292,1410,1004,575,210,40,12,5,4,7,10,5,12,11,18,7,9,4,6,7,4,8,13,22,15,3,8,0,6,8,5,8,5,12,11,5
11-Jul-2022,National,725,989,1596,1872,1743,1832,1406,841,409,124,7,3,6,4,6,7,18,28,24,10,9,1,7,4,11,4,18,20,18,12,10,4,5,4,7,6,12,27,27,13
12-Jul-2022,National,661,980,1747,1860,1755,1821,1328,755,395,126,12,5,6,8,9,9,18,22,35,7,12,3,3,4,12,7,18,26,29,13,12,2,5,6,6,9,14,19,35,9
13-Jul-2022,National,739,847,1640,1881,1683,1807,1425,833,407,116,15,1,9,7,2,5,18,30,28,15,16,4,7,9,5,5,19,35,28,14,14,4,4,6,8,9,12,23,22,13
14-Jul-2022,National,665,868,1380,1673,1533,1685,1342,858,370,85,13,1,8,4,6,19,18,24,34,12,13,4,10,4,10,16,17,24,39,19,13,4,6,8,10,13,19,18,23,10
15-Jul-2022,National,612,771,1183,1358,1340,1452,1162,823,386,123,16,1,9,4,5,8,19,37,23,16,16,0,5,5,5,7,16,29,19,13,19,2,5,5,6,12,27,36,33,6
16-Jul-2022,National,463,588,838,1046,954,1059,851,473,195,36,10,0,4,1,3,10,18,21,13,8,10,2,5,2,3,8,14,26,15,11,11,0,8,4,3,5,5,15,16,5
17-Jul-2022,National,470,593,1062,1182,1139,1247,938,496,194,38,6,2,1,4,4,14,11,14,23,12,9,2,3,6,3,8,10,17,37,8,7,0,3,2,4,5,10,13,18,5
18-Jul-2022,National,627,812,1523,1657,1517,1671,1267,837,403,85,6,1,7,7,7,8,21,28,27,11,4,0,5,5,5,9,21,27,25,12,7,1,5,9,3,11,20,34,38,13
19-Jul-2022,National,629,758,1606,1638,1523,1702,1285,711,332,98,8,1,6,3,3,14,15,33,31,15,7,2,9,5,5,13,16,31,38,19,10,0,9,5,6,9,17,26,25,21
20-Jul-2022,National,571,730,1430,1597,1460,1598,1272,809,374,117,11,2,8,6,8,14,24,27,37,15,6,3,9,5,6,15,22,33,32,9,6,1,9,7,9,15,18,32,23,10
21-Jul-2022,National,548,636,1238,1339,1235,1452,1149,647,350,101,11,1,9,9,10,5,20,29,36,11,10,0,7,5,9,10,21,26,24,14,6,3,10,3,5,11,17,26,33,17
22-Jul-2022,National,486,659,1057,1201,1109,1222,989,632,287,76,16,1,4,3,7,8,11,17,32,9,14,0,2,7,6,9,17,19,39,11,13,1,2,3,7,9,17,31,22,14
23-Jul-2022,National,415,502,791,925,807,930,745,423,184,69,8,1,4,4,6,11,12,21,15,9,11,2,5,3,2,9,7,17,19,7,10,1,3,4,4,10,6,25,11,5
24-Jul-2022,National,450,610,953,1067,988,1088,812,419,214,47,8,0,8,7,2,5,17,16,27,4,9,0,7,7,6,10,22,21,22,10,9,2,8,5,3,10,11,12,14,9
25-Jul-2022,National,599,744,1408,1495,1342,1439,1126,630,371,95,5,3,5,9,10,6,25,24,27,14,11,2,5,7,9,5,18,13,29,14,3,1,4,8,3,6,20,29,33,18
26-Jul-2022,National,490,797,1447,1395,1182,1302,1084,642,310,78,14,0,6,5,6,13,14,29,31,6,11,1,7,5,12,15,20,24,35,6,16,2,6,13,6,12,21,19,36,7
27-Jul-2022,National,487,653,1157,1219,1064,1163,945,572,271,89,8,0,2,8,12,9,17,15,24,7,6,1,6,6,5,9,19,17,23,9,10,2,7,7,8,11,15,22,29,8
28-Jul-2022,National,511,699,1114,1211,1036,1183,929,570,260,78,11,4,5,9,9,6,37,28,18,13,15,1,6,6,11,8,28,25,22,8,8,1,3,3,8,9,22,24,27,13
29-Jul-2022,National,499,536,893,959,832,948,754,495,236,68,11,2,5,6,4,5,15,15,25,7,9,4,3,7,11,4,22,21,21,11,11,1,8,5,8,8,33,24,32,11
30-Jul-2022,National,343,432,597,731,627,693,547,295,153,41,10,3,2,4,12,4,13,14,20,4,8,2,1,7,7,2,12,18,18,4,10,4,5,4,6,8,16,7,18,5
31-Jul-2022,National,389,488,729,823,777,829,587,282,128,46,6,3,4,4,7,8,11,13,21,9,7,1,4,2,5,12,8,19,22,4,9,2,2,5,9,7,11,13,7,3
01-Aug-2022,National,602,725,1027,1117,989,1056,786,449,247,87,8,0,3,2,6,9,12,15,29,9,7,2,4,4,5,6,17,20,25,11,7,1,5,6,12,8,18,16,32,16
02-Aug-2022,National,465,648,896,1119,944,952,712,406,227,68,3,1,5,4,14,12,15,19,24,9,5,0,0,5,4,10,18,19,19,10,6,0,1,3,5,10,18,35,28,11
03-Aug-2022,National,481,596,918,1025,878,894,680,345,249,65,7,1,6,3,5,10,13,15,17,4,6,2,6,5,8,8,15,21,23,7,6,2,2,5,7,10,21,15,30,13
04-Aug-2022,National,435,562,736,851,793,759,586,356,162,52,9,1,7,6,1,10,13,15,16,6,9,3,10,4,5,10,12,22,21,7,11,1,9,5,8,8,16,26,16,6
05-Aug-2022,National,384,491,635,752,657,711,570,315,194,79,8,3,4,4,5,6,13,18,17,9,5,1,5,6,3,11,12,16,24,6,6,1,6,8,7,9,21,16,25,12
06-Aug-2022,National,279,332,478,546,482,526,397,225,132,25,3,0,2,3,2,4,8,12,18,3,6,2,3,2,5,5,7,18,15,5,6,2,3,3,3,5,9,7,12,5
07-Aug-2022,National,292,422,526,688,614,619,383,218,110,16,5,1,2,0,3,5,6,14,19,5,7,1,2,1,3,8,5,10,15,3,3,2,2,1,4,6,2,9,8,2
08-Aug-2022,National,459,642,813,940,861,893,631,399,212,58,8,0,8,6,4,12,16,28,26,7,6,1,5,3,6,12,13,14,18,3,10,1,2,2,7,11,8,20,33,12
09-Aug-2022,National,365,518,802,880,729,800,543,305,174,54,10,1,1,3,6,14,14,14,25,4,11,0,1,3,4,9,9,9,11,1,4,0,5,3,4,8,12,28,28,4
10-Aug-2022,National,351,463,686,768,760,714,553,313,164,30,9,0,6,1,6,6,10,19,14,5,9,1,6,1,2,5,15,15,18,6,14,1,7,2,2,10,12,23,28,7
11-Aug-2022,National,324,440,583,677,620,610,427,254,140,42,4,2,1,1,2,4,17,18,16,6,3,1,3,4,2,7,9,23,13,2,4,1,3,4,3,6,14,22,25,5
12-Aug-2022,National,261,374,478,573,532,545,404,293,124,43,2,2,6,9,7,8,7,22,12,6,6,0,5,3,5,4,8,12,18,10,7,1,5,3,6,10,12,13,15,5
13-Aug-2022,National,242,282,380,459,438,367,318,163,85,22,7,1,9,0,3,3,8,14,9,6,4,1,4,5,6,4,4,10,6,4,5,1,2,3,5,2,4,10,6,2
14-Aug-2022,National,261,343,470,569,474,473,384,175,76,26,8,0,2,1,1,1,9,14,8,6,11,0,4,2,1,4,8,18,7,8,8,0,3,4,3,10,6,6,4,3
15-Aug-2022,National,363,543,662,792,712,756,491,294,148,42,6,0,3,1,3,5,13,14,19,7,7,0,6,2,4,4,12,12,12,4,8,2,6,5,0,3,12,23,26,3
16-Aug-2022,National,302,433,672,801,674,664,499,250,150,38,3,5,6,9,4,4,9,12,15,4,2,5,5,6,5,6,9,6,14,3,3,5,2,3,8,7,14,28,19,13
17-Aug-2022,National,294,448,669,733,643,723,508,273,123,45,3,2,3,3,1,10,8,12,10,9,5,3,3,3,1,6,13,11,10,7,4,3,3,5,5,6,19,13,23,5
18-Aug-2022,National,238,402,572,556,553,561,446,249,128,47,5,1,3,3,2,4,12,12,20,5,3,1,5,2,3,6,5,13,14,7,6,0,6,1,3,9,13,12,12,3
19-Aug-2022,National,211,302,428,543,494,529,402,234,114,32,5,0,2,1,2,6,8,10,11,8,6,2,2,3,2,7,6,15,14,6,3,0,5,4,3,6,11,19,19,10
20-Aug-2022,National,172,188,306,365,321,358,261,169,57,15,7,2,1,0,5,8,4,10,15,3,6,1,1,1,3,1,5,7,14,5,4,1,1,1,0,3,9,2,11,3
21-Aug-2022,National,153,253,363,455,389,437,316,146,71,12,5,2,2,3,3,5,6,4,8,4,5,1,1,3,3,5,4,7,7,3,5,4,3,4,4,4,12,6,5,0
22-Aug-2022,National,257,359,500,635,550,544,425,244,125,41,3,3,3,5,3,4,8,14,7,2,1,5,6,4,2,3,10,12,11,1,3,1,4,4,1,4,9,21,19,11
23-Aug-2022,National,208,266,485,546,448,472,334,208,125,44,5,3,4,0,1,4,11,11,11,3,4,0,1,2,1,4,11,4,10,3,2,2,2,3,2,4,7,16,20,9
24-Aug-2022,National,215,227,460,487,437,368,293,163,78,28,8,1,4,2,3,3,5,10,7,1,8,0,2,1,2,5,3,11,7,2,7,1,3,2,4,5,7,8,18,8
25-Aug-2022,National,166,210,342,384,345,331,269,163,78,26,6,0,2,2,1,1,5,5,12,4,6,1,2,4,4,3,9,10,12,1,5,1,2,3,6,7,13,15,12,6
26-Aug-2022,National,191,192,294,376,289,286,253,156,71,27,7,1,0,4,3,2,6,6,10,4,9,1,1,2,3,3,8,6,8,5,7,2,3,4,1,7,10,17,14,0
27-Aug-2022,National,97,114,177,255,222,215,168,78,36,10,4,0,2,1,3,0,5,5,4,2,3,0,2,2,3,1,6,2,4,2,6,0,1,1,2,4,4,5,6,3
28-Aug-2022,National,104,139,229,284,262,244,181,93,46,14,1,0,1,4,3,1,3,8,6,3,2,0,1,2,3,2,4,6,6,6,3,0,1,2,0,1,3,4,6,2
29-Aug-2022,National,171,208,443,406,311,375,268,165,85,14,3,0,2,1,3,2,5,6,7,2,3,1,4,0,3,3,3,5,7,2,8,0,0,3,6,2,3,15,19,7
30-Aug-2022,National,187,174,355,407,302,326,231,148,87,21,2,0,4,4,0,3,7,6,13,2,2,0,4,7,1,2,4,7,11,2,3,2,2,3,4,3,7,14,11,1
31-Aug-2022,National,176,170,299,366,304,277,226,141,61,36,5,0,0,1,1,4,3,9,4,1,5,0,1,1,0,4,6,9,6,0,4,0,6,0,4,1,8,4,9,6
01-Sep-2022,National,123,163,261,302,272,251,197,138,70,14,3,0,2,3,7,5,6,6,8,6,1,0,1,3,5,3,9,3,10,3,5,0,4,3,3,2,4,8,14,4
02-Sep-2022,National,131,154,236,261,264,206,175,117,50,14,2,2,0,3,1,7,6,9,8,1,3,2,1,3,2,6,6,10,5,2,0,2,2,3,3,6,8,11,12,3
03-Sep-2022,National,69,97,150,201,154,155,128,84,25,8,5,1,2,0,1,3,1,5,2,1,5,1,1,0,5,6,3,8,2,0,4,1,0,1,6,5,7,6,4,3
04-Sep-2022,National,82,107,174,245,212,178,144,66,22,5,3,2,0,1,3,4,2,8,7,0,4,1,0,1,1,5,3,10,5,0,2,0,1,2,2,5,1,6,2,1
05-Sep-2022,National,167,182,318,355,286,267,215,120,85,26,3,0,0,0,1,7,10,9,9,3,1,0,0,1,1,5,4,6,7,3,4,0,0,2,3,4,5,13,8,2
06-Sep-2022,National,139,162,294,287,262,265,174,118,60,21,7,0,1,3,2,6,6,7,11,3,6,0,2,3,2,6,3,3,4,4,7,1,1,0,2,3,5,13,12,3
07-Sep-2022,National,121,160,267,291,229,223,193,98,54,12,4,0,0,1,0,2,3,8,10,0,2,0,0,1,0,3,4,10,8,1,4,0,0,2,1,6,7,7,14,3
08-Sep-2022,National,131,123,224,237,234,182,171,107,56,16,0,1,0,1,0,2,2,7,8,4,3,0,0,1,0,2,7,7,9,4,3,0,0,1,0,3,2,11,11,0
09-Sep-2022,National,112,128,206,211,213,189,168,90,46,14,2,0,0,4,2,2,8,10,6,0,5,1,0,3,1,1,7,8,7,1,2,0,0,4,2,5,8,9,13,5
10-Sep-2022,National,82,68,148,158,143,115,105,77,34,9,3,0,1,0,1,1,8,7,4,2,0,1,0,1,0,0,4,4,5,2,3,2,1,2,0,2,5,3,4,1
11-Sep-2022,National,66,140,175,195,170,145,126,62,30,4,1,0,1,2,4,2,2,9,6,0,2,0,2,1,3,2,1,10,7,0,2,0,1,1,1,0,3,3,4,1
12-Sep-2022,National,119,224,302,327,284,299,201,115,62,11,1,1,1,3,0,5,2,12,12,3,1,0,1,3,1,4,4,8,12,1,0,0,2,3,2,3,2,9,6,2
13-Sep-2022,National,94,167,247,262,219,204,156,121,55,12,3,0,0,2,2,2,5,5,4,2,4,2,0,2,1,2,6,7,2,1,3,0,0,1,0,5,3,9,12,1
14-Sep-2022,National,97,105,253,274,226,226,180,116,59,17,3,1,3,3,2,5,5,7,2,1,2,0,0,4,2,7,4,8,1,0,4,1,0,2,1,4,7,12,14,5
15-Sep-2022,National,101,110,223,230,182,201,125,87,38,9,0,1,1,2,1,1,1,5,4,1,1,1,2,1,2,2,1,4,2,0,0,0,1,3,5,4,3,6,5,5
16-Sep-2022,National,58,94,181,176,166,167,141,103,36,8,2,1,2,2,0,2,7,1,5,0,0,1,3,2,0,1,5,1,2,0,1,1,2,2,0,3,5,13,6,4
17-Sep-2022,National,60,71,114,149,143,135,113,63,21,5,2,0,1,0,1,1,3,6,7,1,3,1,2,0,2,1,4,7,6,1,3,1,3,0,1,1,1,2,5,0
18-Sep-2022,National,76,104,137,190,154,160,96,68,28,3,3,1,1,0,2,3,2,4,3,0,1,0,1,0,1,1,0,6,4,1,1,1,0,0,0,2,3,3,3,2
19-Sep-2022,National,117,144,261,347,269,260,219,131,53,11,1,0,1,1,1,2,3,5,7,1,1,1,2,2,1,3,3,3,5,1,2,1,2,4,3,1,3,6,8,4
20-Sep-2022,National,84,138,259,267,234,249,194,110,67,20,2,1,1,1,1,7,4,6,6,3,3,1,1,0,0,6,4,4,5,2,1,0,2,0,1,4,5,7,4,0
21-Sep-2022,National,115,139,243,309,233,232,189,112,60,17,3,2,1,0,1,5,3,1,4,3,4,3,1,1,3,3,3,3,7,0,1,1,0,1,1,3,4,6,5,4
22-Sep-2022,National,119,133,220,267,217,220,175,125,56,8,4,2,0,1,4,1,3,8,2,1,5,1,0,2,4,3,5,6,6,4,2,3,0,0,2,3,9,6,7,1
23-Sep-2022,National,82,99,162,208,213,201,153,109,53,9,3,0,1,4,4,2,3,7,5,1,4,0,1,2,1,4,4,3,2,0,7,0,1,5,3,7,2,4,6,2
24-Sep-2022,National,65,70,98,182,144,131,126,67,29,1,3,0,1,2,1,1,4,4,2,0,2,0,1,2,3,2,4,7,1,0,2,1,0,1,1,3,2,2,3,1
25-Sep-2022,National,57,81,132,161,150,169,101,65,35,3,4,0,1,1,1,1,2,6,4,0,4,0,0,0,2,2,1,7,4,1,4,0,1,1,3,2,2,2,0,1
26-Sep-2022,National,74,105,182,252,216,196,134,64,26,7,3,0,2,0,1,4,3,6,3,1,4,0,4,1,2,0,3,3,5,4,2,0,1,0,0,3,3,3,3,0
27-Sep-2022,National,116,145,281,368,287,285,237,148,63,9,0,1,2,2,1,0,4,1,3,2,1,0,0,2,0,2,3,4,4,1,3,0,2,1,3,1,5,8,7,2
28-Sep-2022,National,90,134,246,286,297,239,197,110,51,11,4,0,1,3,1,4,2,3,6,0,2,0,0,2,0,2,3,3,4,0,3,0,0,1,1,4,9,8,6,2
29-Sep-2022,National,98,122,230,285,223,240,204,125,41,8,0,0,2,2,2,2,3,7,3,1,3,1,3,5,0,3,3,1,4,1,2,1,3,2,1,2,3,6,8,1
30-Sep-2022,National,114,131,199,266,186,224,152,113,52,9,2,0,1,5,1,1,1,4,3,1,0,0,2,3,2,1,1,6,3,1,1,0,3,3,2,3,3,7,6,2
01-Oct-2022,National,50,74,115,169,145,151,120,71,27,5,2,2,0,0,2,1,2,3,3,1,2,2,0,0,2,0,2,3,6,0,2,1,0,4,1,1,2,4,5,0
02-Oct-2022,National,73,80,178,208,166,202,140,62,31,5,2,0,1,1,2,1,4,1,3,1,3,0,1,0,3,1,1,4,4,1,1,1,2,0,1,1,2,4,4,0
03-Oct-2022,National,110,119,288,285,271,263,231,135,80,15,5,0,0,0,1,3,0,5,3,1,3,0,0,1,0,5,2,5,5,1,3,0,0,3,2,1,2,7,5,0
04-Oct-2022,National,95,143,313,307,255,301,213,134,58,12,4,0,2,4,1,5,1,3,4,0,4,0,1,2,1,2,2,3,5,3,6,0,0,1,2,4,4,6,5,1
05-Oct-2022,National,95,109,279,325,254,255,216,169,51,14,4,1,0,1,3,2,2,7,2,3,6,0,1,1,2,3,2,8,4,1,5,0,0,0,2,3,4,7,3,0
06-Oct-2022,National,115,127,302,300,249,258,207,121,49,9,1,0,3,0,4,1,2,5,4,1,1,0,2,0,5,3,3,5,7,4,1,0,1,1,3,0,2,7,6,2
07-Oct-2022,National,89,92,226,272,196,241,197,155,62,11,1,0,1,1,3,1,3,3,4,0,2,0,1,2,1,1,3,8,3,0,1,0,3,2,2,3,1,4,3,0
08-Oct-2022,National,59,72,163,203,160,187,146,104,34,7,3,0,4,2,0,0,1,5,2,2,3,0,2,1,2,1,4,5,3,1,4,0,0,1,0,3,1,3,2,0
09-Oct-2022,National,57,87,213,242,206,253,170,103,42,7,2,0,0,0,1,5,2,4,3,1,2,0,2,2,2,3,5,3,5,4,1,0,2,2,2,1,1,1,2,0
10-Oct-2022,National,141,144,372,413,355,380,318,217,87,17,4,1,1,1,2,3,8,9,7,3,3,1,2,2,2,3,2,7,7,1,3,1,4,1,3,1,3,7,5,2
11-Oct-2022,National,111,126,323,416,314,325,323,179,84,12,6,0,0,5,4,1,6,6,7,0,6,2,0,2,3,5,10,6,12,3,3,0,1,2,2,2,4,9,3,2
12-Oct-2022,National,111,122,331,417,317,342,337,232,97,24,4,1,1,2,2,5,6,10,11,4,2,2,0,3,2,3,8,6,11,2,4,0,0,3,2,7,5,6,3,2
13-Oct-2022,National,129,154,304,380,299,334,275,202,82,15,1,2,2,7,2,0,4,3,9,1,2,3,3,8,4,2,2,8,9,2,4,3,2,5,1,1,7,5,7,2
14-Oct-2022,National,107,111,265,297,263,262,302,195,91,14,2,3,0,0,4,2,4,5,7,5,3,1,0,1,1,1,4,7,3,2,3,1,1,2,2,2,5,7,7,3
15-Oct-2022,National,79,97,175,258,211,250,204,130,46,19,2,0,2,1,1,5,8,5,4,7,2,0,4,2,3,3,4,8,6,9,2,1,2,1,1,2,2,3,5,0
16-Oct-2022,National,89,114,242,328,277,289,222,139,45,6,2,0,5,4,5,3,4,4,3,2,2,0,4,1,3,4,10,4,5,4,2,1,3,2,2,3,2,4,3,0
17-Oct-2022,National,136,182,403,510,441,461,402,243,117,28,4,0,3,0,1,4,8,9,7,5,2,0,1,1,5,2,7,12,7,3,2,1,3,2,6,3,5,7,6,4
18-Oct-2022,National,152,186,439,461,419,473,366,269,121,38,0,1,1,2,5,2,8,9,12,2,2,2,1,1,6,4,6,11,17,6,2,0,1,1,0,0,8,11,8,0
19-Oct-2022,National,140,187,385,436,368,382,386,227,102,22,4,3,3,0,4,2,5,9,11,6,4,1,3,2,5,5,8,13,14,6,4,2,4,1,8,3,7,10,9,2
20-Oct-2022,National,151,186,309,407,328,355,325,221,121,30,1,1,1,0,0,6,7,11,9,3,3,1,2,3,0,6,8,13,3,5,4,0,0,4,1,6,12,8,13,4
21-Oct-2022,National,126,163,277,338,292,343,332,225,90,11,5,1,4,3,2,3,7,8,9,3,3,1,3,2,1,2,6,8,9,3,2,1,2,2,1,6,4,7,6,3
22-Oct-2022,National,101,127,186,265,222,255,208,143,65,16,5,0,2,0,0,2,3,7,7,5,4,1,2,0,0,1,5,9,11,6,5,0,3,0,3,1,6,5,8,3
23-Oct-2022,National,93,119,217,260,248,267,222,129,69,14,2,1,2,3,2,2,2,6,8,6,5,1,2,4,3,8,2,7,11,5,3,1,1,2,2,4,6,3,5,0
24-Oct-2022,National,133,205,334,408,357,427,285,192,56,13,6,2,4,1,3,4,6,6,7,4,3,1,1,1,2,5,7,7,7,6,6,2,0,1,3,4,3,7,3,2
25-Oct-2022,National,223,313,553,639,589,592,508,310,155,41,2,1,2,0,4,5,9,10,10,5,3,0,4,1,1,4,9,10,9,4,0,0,2,1,2,3,6,11,7,6
26-Oct-2022,National,223,300,511,554,512,523,437,331,149,37,2,2,4,2,6,14,5,13,15,6,2,2,4,0,7,7,3,9,10,4,3,2,4,0,2,4,3,6,12,8
27-Oct-2022,National,173,235,428,529,454,479,440,292,120,21,3,2,2,4,8,7,6,14,12,5,5,2,2,2,5,9,7,10,10,4,3,2,3,0,5,4,5,8,8,8
28-Oct-2022,National,155,249,366,458,431,433,373,289,95,18,6,1,1,3,4,6,8,15,8,2,6,1,1,5,4,4,8,10,16,6,4,1,4,1,2,8,4,8,10,3
29-Oct-2022,National,141,156,306,323,277,343,318,202,63,13,4,0,1,2,0,4,9,14,6,3,1,0,2,1,4,4,6,17,3,3,4,1,1,3,6,6,5,3,3,4
30-Oct-2022,National,133,194,333,418,377,385,307,185,53,11,4,1,3,1,1,8,5,5,7,2,6,1,3,5,3,5,3,10,6,1,4,1,1,2,2,2,5,8,2,1
31-Oct-2022,National,243,329,544,632,542,536,528,344,131,27,4,1,5,3,3,5,5,13,8,4,3,1,5,1,4,8,4,13,10,4,2,0,6,3,3,12,9,15,10,3
01-Nov-2022,National,210,272,495,619,500,514,444,298,119,24,2,2,2,5,4,5,4,17,9,4,2,1,4,3,1,7,6,12,8,5,5,0,5,5,4,8,10,13,14,7
02-Nov-2022,National,220,319,477,538,473,470,400,282,121,29,8,1,2,5,5,7,4,15,11,5,6,2,1,3,5,7,5,12,9,4,7,4,1,5,5,6,7,14,9,7
03-Nov-2022,National,225,288,450,484,417,437,403,301,115,28,2,3,3,6,3,5,9,12,12,4,4,1,2,6,2,9,8,10,15,3,3,2,2,5,2,8,3,11,7,4
04-Nov-2022,National,154,270,379,415,354,373,378,261,114,21,2,1,2,2,3,10,4,6,15,3,3,2,1,1,4,9,6,12,14,5,4,1,0,3,4,4,3,11,9,4
05-Nov-2022,National,136,181,252,303,295,276,220,167,78,15,8,1,4,1,0,9,3,6,16,5,5,2,3,1,0,8,7,9,16,4,4,0,2,2,1,6,4,6,10,3
06-Nov-2022,National,166,267,325,366,359,336,257,157,67,13,5,0,1,0,3,2,5,7,18,3,5,0,2,1,2,2,5,6,5,2,5,3,2,2,1,5,9,14,5,0
07-Nov-2022,National,241,440,512,616,559,575,468,331,147,23,4,2,2,2,2,6,13,15,19,3,2,1,2,4,2,4,7,8,13,4,4,0,3,2,5,6,7,10,15,6
08-Nov-2022,National,217,359,555,570,502,467,432,299,139,31,2,0,2,4,6,4,9,8,13,4,6,2,3,5,4,4,8,9,14,2,3,2,4,4,4,4,4,16,9,2
09-Nov-2022,National,220,329,518,605,520,467,431,292,95,27,6,2,4,7,6,6,7,14,3,4,7,0,2,5,4,2,7,14,14,3,4,1,3,3,5,7,12,10,14,5
10-Nov-2022,National,211,301,458,459,464,492,401,274,92,27,4,0,3,0,3,2,5,17,12,7,4,1,2,1,6,6,7,16,13,4,8,0,1,3,5,3,8,10,16,4
11-Nov-2022,National,177,264,347,455,364,418,376,240,115,20,3,4,4,4,3,1,12,11,14,2,4,1,2,1,2,2,8,9,8,2,3,1,2,0,2,7,8,16,18,5
12-Nov-2022,National,157,194,288,358,313,283,258,189,60,7,5,2,3,6,1,6,3,9,12,1,5,2,6,4,2,3,1,9,6,1,3,0,6,3,2,3,4,7,5,4
13-Nov-2022,National,160,253,338,429,405,372,304,191,53,11,5,0,1,3,1,3,7,9,6,2,5,2,1,5,2,2,9,7,9,4,3,3,1,4,1,1,4,5,3,1
14-Nov-2022,National,275,397,540,715,627,633,520,370,180,27,9,0,3,3,4,4,10,13,13,5,8,0,2,5,5,5,7,16,13,4,6,2,3,2,5,6,6,23,16,4
15-Nov-2022,National,199,361,602,682,534,563,473,297,112,23,8,1,2,4,3,6,8,8,8,2,5,2,2,4,4,6,7,7,6,3,7,1,3,5,2,2,12,9,20,9
16-Nov-2022,National,210,302,610,681,532,513,466,275,79,15,3,0,2,3,6,6,6,13,8,3,8,1,3,3,3,3,11,10,14,7,7,2,2,2,4,3,6,9,13,2
17-Nov-2022,National,151,246,498,543,423,402,332,198,63,17,2,0,0,0,1,1,5,3,2,0,5,2,3,3,0,4,12,8,8,4,1,0,2,3,2,3,9,11,11,3
18-Nov-2022,National,309,353,518,650,535,600,619,481,223,40,11,3,5,2,2,9,15,20,17,9,5,0,2,2,2,13,6,14,11,5,12,1,2,2,3,7,9,18,10,3
19-Nov-2022,National,143,205,330,396,345,334,338,206,66,13,3,2,3,3,4,4,5,12,8,4,5,2,4,4,7,5,9,13,8,4,2,2,4,4,4,4,9,8,5,1
20-Nov-2022,National,160,241,422,479,391,346,325,215,62,14,9,0,0,3,4,3,8,15,3,3,7,1,1,4,4,5,6,12,7,2,5,2,4,5,2,6,8,8,2,0
21-Nov-2022,National,288,435,795,797,653,649,580,366,162,39,5,2,4,5,2,4,13,8,16,2,5,1,3,1,1,5,9,11,9,0,6,1,2,4,6,5,8,11,17,7
22-Nov-2022,National,282,408,791,832,622,613,494,374,147,25,5,0,2,8,2,8,9,11,11,4,2,0,0,5,2,8,12,16,9,5,3,0,1,7,3,10,13,11,18,6
23-Nov-2022,National,249,381,784,715,595,582,507,351,112,22,3,0,1,6,0,9,12,12,12,6,6,1,1,7,2,3,12,10,12,5,5,1,2,5,1,6,10,13,13,3
24-Nov-2022,National,239,389,644,699,523,584,439,264,120,15,7,1,3,4,2,5,9,12,10,3,7,0,3,3,1,8,11,14,11,3,9,0,2,6,3,8,11,12,14,4
25-Nov-2022,National,214,307,575,543,460,529,434,332,127,25,8,1,2,4,2,6,3,10,12,4,9,0,4,5,4,3,7,12,14,3,3,0,2,5,0,3,8,14,6,4
26-Nov-2022,National,178,221,391,472,417,360,334,256,75,10,4,1,3,2,2,2,6,12,7,2,3,1,2,4,2,7,7,11,6,4,7,1,3,2,4,3,4,7,4,0
27-Nov-2022,National,175,307,543,572,464,483,372,204,98,11,4,1,1,3,4,11,5,10,10,3,7,2,2,4,5,2,6,11,18,4,7,1,1,4,1,3,8,7,2,2
28-Nov-2022,National,341,524,982,985,910,903,681,439,188,42,5,2,2,6,11,8,7,19,16,5,2,1,2,6,5,8,6,19,19,4,6,1,2,3,5,4,10,14,11,3
29-Nov-2022,National,324,532,1033,1033,883,855,616,432,157,42,8,1,5,4,5,7,13,7,16,3,10,3,3,7,4,6,10,13,13,2,6,0,4,2,6,13,5,16,20,7
30-Nov-2022,National,276,496,1043,998,876,765,672,488,178,34,9,0,3,4,1,6,13,13,17,3,7,0,5,5,2,8,13,11,22,4,9,1,3,2,2,6,8,10,16,5
01-Dec-2022,National,304,450,824,881,706,687,615,371,153,23,10,1,4,8,3,7,8,14,19,6,10,0,3,4,5,7,12,16,19,7,9,1,5,8,3,5,7,7,21,5
02-Dec-2022,National,287,398,726,745,596,610,559,414,175,33,7,3,3,6,3,6,13,17,12,3,6,4,1,5,3,7,11,21,22,3,6,5,1,6,4,7,13,15,7,5
03-Dec-2022,National,161,302,460,572,454,485,427,298,122,30,8,2,3,4,2,4,9,9,11,3,5,3,5,3,3,6,5,12,8,1,8,1,5,2,4,4,6,8,6,1
04-Dec-2022,National,210,385,598,686,599,593,452,273,96,14,7,2,4,3,1,4,13,14,12,5,8,2,2,8,1,4,11,15,13,6,6,5,3,7,1,4,3,4,4,3
05-Dec-2022,National,389,667,1198,1273,1149,1012,885,597,257,66,5,1,1,7,4,8,12,26,16,10,7,0,5,1,3,5,12,11,23,9,5,1,3,4,5,8,11,15,19,9
06-Dec-2022,National,333,592,1125,1165,1000,891,801,522,231,50,7,1,6,8,1,8,16,19,24,10,7,1,6,6,3,11,21,14,14,7,6,1,6,5,1,9,19,15,16,7
07-Dec-2022,National,309,554,1063,1077,912,920,735,494,204,46,8,2,4,5,2,8,14,14,16,7,7,2,3,7,3,9,10,22,17,8,8,2,3,10,1,8,15,16,20,3
08-Dec-2022,National,317,492,936,942,737,782,641,524,200,33,10,4,2,3,4,9,10,10,15,4,10,5,2,2,1,8,6,12,17,2,11,3,2,4,3,10,8,18,21,6
09-Dec-2022,National,303,502,822,851,752,777,621,469,222,34,11,5,0,2,5,9,8,22,26,3,9,0,1,3,3,11,18,18,22,8,6,2,1,4,4,8,17,20,17,3
10-Dec-2022,National,199,366,514,629,536,554,477,386,157,30,5,2,4,1,5,6,8,15,23,8,7,5,2,4,3,6,15,15,22,10,6,2,2,3,2,3,7,11,9,2
11-Dec-2022,National,239,433,685,812,773,717,530,360,146,38,8,0,3,5,3,5,6,7,21,9,9,0,6,2,4,10,5,9,22,4,9,1,5,2,3,6,8,6,13,5
12-Dec-2022,National,412,726,1388,1390,1166,1218,947,760,361,75,9,3,5,8,6,7,22,17,24,4,7,1,2,8,5,7,15,14,26,4,6,0,2,6,6,5,16,18,24,5
13-Dec-2022,National,369,627,1281,1281,1092,1030,851,647,277,56,7,1,6,7,6,11,14,20,22,6,5,0,6,7,6,10,9,25,20,6,6,2,6,3,5,12,14,12,24,8
14-Dec-2022,National,333,614,1227,1186,1055,981,811,582,238,57,10,1,4,5,7,9,17,22,20,6,8,1,2,7,7,9,19,18,33,3,8,1,1,5,5,10,8,19,21,3
15-Dec-2022,National,328,547,1057,1094,962,889,761,554,280,43,12,0,2,5,2,9,16,15,28,8,11,1,4,3,5,9,18,13,14,5,11,2,6,3,7,6,20,20,18,4
16-Dec-2022,National,288,438,818,853,716,773,634,501,238,56,13,1,3,6,5,13,10,25,21,3,14,2,7,4,5,8,10,20,15,3,19,1,4,7,8,13,17,33,23,7
17-Dec-2022,National,225,320,569,578,563,575,485,337,149,25,6,2,5,5,3,7,9,10,9,3,7,3,3,5,4,6,7,14,9,4,4,3,3,4,5,4,11,11,17,5
18-Dec-2022,National,221,392,606,705,599,593,455,306,116,17,6,0,2,8,2,8,9,16,16,2,6,1,1,7,2,10,4,14,16,3,11,0,2,8,2,5,3,6,7,1
19-Dec-2022,National,337,616,1123,1155,951,967,813,558,257,58,10,3,2,6,10,14,15,13,16,5,11,3,3,5,9,11,19,19,12,5,8,3,2,7,4,10,11,21,30,5
20-Dec-2022,National,295,534,1070,1083,840,800,718,505,233,53,5,3,5,1,7,6,15,20,16,7,4,2,5,5,6,3,12,13,14,10,10,3,5,5,8,11,15,19,25,9
21-Dec-2022,National,300,479,910,874,687,725,674,433,213,43,8,1,4,6,3,9,14,10,22,3,8,1,3,5,7,5,11,11,21,1,4,1,3,6,5,13,15,20,19,8
22-Dec-2022,National,252,402,730,729,624,616,594,466,208,33,8,2,1,5,6,8,9,16,20,1,10,2,3,6,4,9,10,13,23,4,7,2,3,8,6,11,10,13,26,9
23-Dec-2022,National,220,306,592,628,548,554,560,399,205,38,10,2,2,5,5,7,21,17,15,6,11,2,2,5,5,6,23,15,16,5,12,3,3,6,5,10,21,33,27,7
24-Dec-2022,National,128,247,369,380,403,421,378,334,134,21,8,1,2,2,6,4,14,19,22,4,9,1,1,0,6,8,12,14,20,3,9,0,3,1,3,6,8,5,12,2
25-Dec-2022,National,99,154,304,367,277,353,318,185,89,18,7,1,3,2,1,3,7,12,14,3,5,0,3,3,2,3,10,17,15,3,7,1,1,1,5,2,8,16,12,0
26-Dec-2022,National,162,235,470,543,439,517,433,294,143,19,13,1,3,8,3,10,10,14,17,2,12,0,2,5,2,12,14,12,20,1,8,0,5,4,3,10,12,8,7,3
27-Dec-2022,National,171,266,629,582,491,534,461,340,137,30,7,2,3,3,7,13,15,19,16,5,9,2,3,7,4,10,8,24,12,1,12,1,2,4,4,6,14,4,9,5
28-Dec-2022,National,235,402,732,703,568,646,595,457,197,44,11,1,4,3,8,6,14,16,15,4,12,4,3,3,8,9,13,15,15,3,8,1,3,4,4,7,12,20,22,5
29-Dec-2022,National,179,303,606,613,476,539,466,410,195,31,6,2,3,6,2,9,11,11,15,4,5,1,2,3,3,11,8,13,17,5,6,5,5,4,4,14,14,21,18,5
30-Dec-2022,National,191,263,460,537,423,444,409,389,163,33,4,4,3,4,3,10,6,20,13,6,8,4,4,8,9,4,11,22,12,8,6,1,1,5,5,12,13,24,18,2
31-Dec-2022,National,131,157,337,333,291,328,329,256,85,21,8,0,4,2,5,6,6,11,9,5,7,0,4,4,1,7,9,14,19,4,6,2,4,6,5,8,6,9,11,3
01-Jan-2023,National,119,172,294,285,247,240,271,157,72,13,4,0,2,1,5,0,10,9,7,2,3,0,3,1,6,1,9,7,12,3,6,0,3,2,3,3,6,7,6,1
02-Jan-2023,National,110,256,523,381,327,328,308,214,100,25,4,0,3,3,5,3,11,22,15,4,4,0,2,5,4,6,12,13,14,6,5,0,2,1,6,5,8,8,13,3
03-Jan-2023,National,121,340,782,473,395,373,317,199,75,14,8,2,3,6,5,4,9,10,15,3,7,2,2,2,5,4,8,11,12,5,7,1,1,3,3,1,7,9,7,4
04-Jan-2023,National,191,472,1075,693,484,529,446,290,173,35,8,2,2,6,5,8,7,13,24,5,7,3,4,4,3,8,8,12,15,4,6,4,4,4,6,10,11,15,27,9
05-Jan-2023,National,171,401,852,575,388,404,404,258,101,32,8,2,4,2,3,4,10,11,12,5,6,0,2,2,3,6,9,12,13,3,5,0,3,3,2,3,10,23,18,1
06-Jan-2023,National,147,354,716,509,363,391,375,227,134,28,3,3,0,3,1,3,10,10,20,3,4,3,2,2,0,2,5,14,14,3,8,1,3,6,1,7,15,18,21,7
07-Jan-2023,National,129,255,594,346,267,297,239,141,66,13,5,2,1,0,1,4,6,11,9,4,6,1,1,3,4,3,10,9,9,7,4,1,1,3,4,2,5,8,5,1
08-Jan-2023,National,110,252,612,434,296,300,221,119,72,14,3,1,2,4,4,2,4,10,14,2,3,2,2,4,3,3,5,14,17,1,5,1,3,5,2,3,4,10,5,2
09-Jan-2023,National,192,393,1008,692,496,439,396,255,139,28,5,0,6,2,0,4,7,11,16,2,4,1,6,4,2,3,9,18,6,2,4,0,3,0,5,4,6,12,18,6
10-Jan-2023,National,168,386,829,641,412,385,336,229,107,19,4,2,0,2,3,1,9,17,12,4,2,2,0,1,1,2,9,9,9,2,5,3,3,3,2,3,11,19,20,3
11-Jan-2023,National,134,308,718,542,368,401,306,224,72,21,6,1,0,2,2,5,11,9,4,6,6,0,0,1,3,6,11,10,4,4,2,1,0,3,3,4,8,17,22,8
12-Jan-2023,National,156,250,606,477,359,321,302,207,86,19,4,3,4,0,4,5,8,7,10,2,6,3,3,0,4,4,9,6,12,3,4,3,2,4,5,2,16,12,10,4
13-Jan-2023,National,139,229,501,409,302,287,254,212,84,16,3,1,2,2,1,6,7,12,4,1,5,1,3,2,2,5,8,6,7,0,8,2,2,2,3,2,9,11,11,3
14-Jan-2023,National,113,134,307,257,218,214,191,117,49,7,9,1,0,1,2,2,11,8,3,3,7,2,1,1,2,0,8,8,5,2,9,2,3,1,1,3,4,5,7,0
15-Jan-2023,National,87,156,358,328,224,236,159,101,51,10,3,0,0,3,2,2,8,5,7,2,5,0,1,2,0,3,10,6,4,1,4,2,0,1,1,1,8,5,3,0
16-Jan-2023,National,215,274,638,505,370,400,289,210,94,16,5,0,1,2,2,3,3,7,17,4,3,2,0,1,3,5,2,8,14,3,3,1,1,1,0,2,14,13,17,6
17-Jan-2023,National,150,221,513,460,333,323,296,194,80,15,2,1,2,1,1,8,13,10,4,1,5,0,3,3,3,5,12,15,4,5,3,1,1,1,3,3,9,14,10,4
18-Jan-2023,National,140,229,452,408,300,293,239,174,65,12,5,1,2,1,2,1,10,4,3,3,4,1,0,1,0,2,8,7,7,4,7,1,1,3,4,5,7,8,12,7
19-Jan-2023,National,161,158,380,327,237,250,196,164,62,12,4,1,3,4,1,2,7,3,4,2,5,1,1,3,1,3,10,4,5,4,5,1,1,3,0,3,7,5,13,3
20-Jan-2023,National,144,143,267,303,222,202,197,139,76,17,4,0,1,1,2,1,5,11,5,3,2,0,2,2,1,2,5,7,2,2,6,0,2,2,4,3,9,7,8,3
21-Jan-2023,National,70,94,174,174,140,131,144,103,33,7,3,0,2,3,1,1,4,3,1,1,4,0,1,3,2,1,6,11,2,1,2,0,2,0,0,3,5,2,2,1
22-Jan-2023,National,95,108,207,229,167,166,126,81,49,11,4,0,0,0,1,3,5,9,8,0,4,1,2,1,1,3,1,6,9,2,2,0,0,3,2,1,3,6,0,1
23-Jan-2023,National,147,189,380,401,274,269,249,151,59,11,3,3,1,1,2,1,7,6,5,1,2,1,0,0,1,1,5,5,8,0,5,1,1,0,1,3,8,7,12,5
24-Jan-2023,National,156,197,378,331,243,197,165,142,63,5,2,1,2,0,0,5,4,6,6,1,2,1,3,1,0,1,4,7,3,0,2,2,2,1,1,3,11,11,10,5
25-Jan-2023,National,114,173,291,351,260,203,159,121,47,21,3,0,2,3,0,0,5,12,3,0,3,0,0,2,0,1,6,9,2,1,3,0,1,4,1,6,2,12,7,2
26-Jan-2023,National,106,168,273,260,205,208,175,124,40,19,3,0,0,0,0,3,3,5,2,4,5,0,2,0,0,2,4,6,5,2,5,0,1,0,1,0,6,6,3,2
27-Jan-2023,National,110,123,193,237,179,169,144,115,55,12,4,0,2,3,2,2,4,4,6,1,4,0,1,2,2,4,4,4,3,2,4,0,2,2,1,2,7,7,5,3
28-Jan-2023,National,61,75,129,162,123,114,96,62,30,7,5,0,1,2,0,0,0,2,3,2,3,0,1,2,1,1,1,5,5,2,6,0,1,1,1,1,2,5,2,1
29-Jan-2023,National,73,100,167,184,158,147,122,69,26,6,2,0,2,0,0,2,1,4,1,3,3,0,4,0,0,3,4,3,4,1,1,0,3,0,0,0,4,3,0,0
30-Jan-2023,National,123,130,281,297,228,196,171,123,47,12,3,1,1,1,1,7,5,9,4,0,3,0,0,2,2,4,1,5,1,2,4,0,1,3,1,3,4,10,2,1
31-Jan-2023,National,117,145,293,304,216,223,199,141,53,11,3,0,0,2,0,5,4,4,6,1,2,0,1,1,0,4,1,3,4,2,2,1,0,3,1,4,6,10,13,1
01-Feb-2023,National,119,146,220,265,215,175,152,126,46,16,3,0,2,1,2,3,2,5,6,1,3,0,1,2,0,4,3,6,6,3,2,0,1,1,1,5,3,6,5,3
02-Feb-2023,National,110,102,176,238,199,178,156,98,48,6,4,1,0,0,2,1,4,3,8,1,4,1,0,0,0,0,3,7,7,2,4,1,1,1,1,2,6,11,7,2
03-Feb-2023,National,86,117,170,225,116,111,137,90,49,8,2,0,0,1,1,1,2,5,8,4,2,1,1,1,2,2,2,3,9,3,1,1,2,1,1,4,6,9,9,2
04-Feb-2023,National,108,76,91,142,116,105,94,71,24,10,3,0,0,2,0,1,1,3,1,2,2,0,0,0,0,3,1,3,3,1,4,0,0,0,1,7,0,2,2,0
05-Feb-2023,National,78,68,105,154,107,99,88,62,31,6,1,0,0,2,3,0,3,2,9,0,1,0,0,2,2,1,3,3,5,2,2,0,0,1,1,0,1,1,2,0
06-Feb-2023,National,104,106,157,197,165,144,106,70,26,6,1,0,2,0,0,6,4,5,4,3,1,0,1,1,0,7,4,4,4,1,1,0,0,0,1,3,1,3,3,0
07-Feb-2023,National,150,164,270,313,226,198,148,123,39,10,3,1,3,1,1,3,3,9,4,4,3,1,4,0,2,1,3,4,5,1,1,1,2,0,1,4,4,6,7,3
08-Feb-2023,National,115,133,205,230,219,148,142,96,32,8,1,0,2,2,2,1,5,3,4,3,2,0,1,1,1,1,4,4,5,2,2,0,2,1,1,3,3,5,8,3
09-Feb-2023,National,100,120,184,208,176,143,117,96,41,8,1,0,1,1,2,1,2,4,4,2,0,0,1,3,3,1,5,1,4,0,2,0,2,2,1,1,7,7,5,2
10-Feb-2023,National,94,113,148,197,145,130,135,82,41,5,5,0,0,0,0,3,2,6,6,1,5,0,1,0,1,1,0,6,4,3,5,0,0,1,3,0,1,4,2,1
11-Feb-2023,National,81,98,124,123,95,91,81,64,30,3,2,0,2,0,1,0,4,5,9,1,4,0,1,0,2,1,5,4,6,1,2,0,2,0,1,1,4,1,3,1
12-Feb-2023,National,76,104,119,176,134,114,91,68,27,2,3,2,1,0,0,2,3,7,4,0,2,0,1,0,1,2,3,6,5,1,3,0,3,0,0,3,1,1,0,0
13-Feb-2023,National,117,207,221,249,226,176,161,105,32,5,3,0,0,1,0,2,2,6,6,1,3,2,1,1,0,0,2,12,7,1,1,2,1,2,0,2,3,4,9,4
14-Feb-2023,National,116,154,176,258,182,156,131,88,39,6,3,1,1,0,0,1,2,4,7,2,3,1,1,1,1,1,3,3,6,2,7,1,0,1,0,1,7,9,6,1
15-Feb-2023,National,70,137,172,204,190,164,160,77,35,11,3,1,0,1,0,2,5,2,1,3,2,1,0,0,1,1,2,6,2,3,2,1,1,0,2,3,1,5,6,5
16-Feb-2023,National,83,122,152,190,178,146,133,80,31,8,1,1,0,0,2,0,2,4,4,1,0,1,0,0,1,2,1,4,1,1,2,0,0,1,0,2,3,3,7,4
17-Feb-2023,National,96,124,122,195,172,140,136,82,27,7,0,1,2,1,3,0,1,7,0,1,2,2,2,2,4,1,2,5,2,1,2,0,2,0,4,0,4,2,8,1
18-Feb-2023,National,89,96,102,144,110,101,80,72,24,2,0,0,1,0,0,2,0,4,5,0,0,0,1,0,1,0,1,4,3,2,0,2,1,0,1,1,2,5,0,1
19-Feb-2023,National,71,153,144,168,171,137,93,85,28,9,3,0,1,0,1,0,4,7,6,0,4,0,1,0,1,1,1,5,3,1,3,0,1,0,1,0,0,4,2,0
20-Feb-2023,National,142,232,243,311,257,189,183,98,42,7,5,0,0,0,1,2,4,6,4,3,4,0,0,0,0,1,8,4,7,0,1,0,0,1,1,1,4,5,8,3
21-Feb-2023,National,94,175,235,260,214,182,150,90,39,12,1,0,2,0,1,3,2,3,5,0,1,0,1,1,1,1,2,7,9,4,1,0,0,0,1,1,3,7,10,2
22-Feb-2023,National,77,185,203,213,229,172,144,94,50,7,2,3,2,4,1,0,3,10,6,2,3,2,2,2,1,1,3,7,4,1,3,2,0,1,0,1,5,7,6,0
23-Feb-2023,National,70,145,183,220,195,169,150,88,50,4,2,0,1,2,1,2,5,2,6,0,1,0,1,3,0,2,5,4,8,2,3,0,2,1,0,3,2,7,2,1
24-Feb-2023,National,70,137,160,204,149,140,114,98,59,10,4,0,1,3,0,4,2,6,11,2,3,1,1,1,2,2,3,4,3,0,5,1,1,4,0,3,4,8,10,0
25-Feb-2023,National,42,121,105,130,152,109,119,74,30,2,0,1,0,3,2,2,3,3,5,0,1,0,0,1,0,4,4,4,10,0,0,0,0,0,0,0,3,2,5,0
26-Feb-2023,National,69,170,148,188,168,153,124,79,33,7,1,1,0,0,3,2,3,7,8,1,2,0,0,2,3,2,2,7,4,2,0,0,1,2,0,5,1,2,3,0
27-Feb-2023,National,115,324,317,346,301,263,195,146,66,12,2,5,1,3,1,1,2,6,7,4,1,3,0,1,1,1,1,8,8,3,0,1,0,1,4,4,5,8,5,2
28-Feb-2023,National,90,282,312,349,251,196,178,158,65,17,3,0,4,1,1,1,6,9,4,6,2,2,2,3,1,3,6,3,2,2,3,1,2,0,0,1,5,7,5,4
01-Mar-2023,National,88,255,324,292,222,201,213,137,49,12,2,2,1,2,2,2,6,3,3,3,3,0,2,3,0,3,6,4,5,4,3,1,1,3,1,4,1,8,6,2
02-Mar-2023,National,89,208,268,273,266,221,208,143,67,14,4,1,3,3,4,3,6,6,6,3,3,0,4,2,1,1,5,6,7,5,1,0,5,2,1,1,6,6,4,4
03-Mar-2023,National,98,206,245,211,208,202,210,138,74,21,6,0,0,0,0,1,5,2,4,4,6,2,1,1,3,3,7,2,6,3,3,2,1,1,2,3,3,9,8,3
04-Mar-2023,National,41,125,157,137,126,150,136,113,43,8,1,0,0,1,1,3,6,8,7,2,1,1,0,1,1,3,5,5,6,2,6,1,0,1,4,3,3,3,2,1
05-Mar-2023,National,50,145,178,207,196,167,155,95,48,6,0,2,1,0,0,1,3,7,7,2,1,1,2,0,1,2,4,8,10,2,1,2,0,2,0,0,5,3,4,0
06-Mar-2023,National,89,246,351,332,283,312,280,182,57,7,0,2,2,1,3,1,3,7,6,1,0,3,2,1,2,3,4,6,6,3,0,0,1,1,2,0,9,5,12,1
07-Mar-2023,National,80,180,283,316,247,230,222,147,56,12,1,0,0,1,2,4,10,7,7,2,1,0,1,0,1,4,6,12,10,3,2,1,3,1,1,1,4,8,3,4
08-Mar-2023,National,89,200,299,288,282,235,211,137,65,14,3,1,0,1,1,4,2,6,7,5,5,1,0,4,4,2,4,6,5,4,1,1,0,1,1,4,7,9,6,2
09-Mar-2023,National,103,204,303,306,266,259,178,162,47,17,5,0,2,4,2,2,3,11,8,4,2,0,3,2,0,2,5,8,8,3,5,2,2,3,2,2,4,9,7,4
10-Mar-2023,National,66,158,232,219,202,192,174,155,59,17,2,0,2,7,2,4,5,8,10,3,2,0,0,1,2,4,2,9,10,2,3,1,0,2,1,2,5,7,8,3
11-Mar-2023,National,49,99,187,199,157,169,142,108,58,7,4,1,0,1,1,2,5,6,12,3,2,3,0,6,0,2,7,10,8,3,3,2,1,3,1,3,6,5,1,1
12-Mar-2023,National,60,133,199,220,166,202,163,100,30,9,1,1,1,0,0,2,7,7,3,4,4,0,0,3,1,1,5,5,7,4,1,2,0,3,0,0,5,3,2,1
13-Mar-2023,National,109,214,349,365,294,283,266,192,73,26,3,1,4,3,1,6,5,12,5,8,2,4,3,1,0,6,5,11,6,3,3,0,3,4,3,3,3,12,13,6
14-Mar-2023,National,76,185,339,312,250,253,211,169,85,23,2,3,0,1,0,6,4,6,11,2,1,1,3,1,0,3,4,9,7,1,2,3,3,1,2,3,6,9,7,4
15-Mar-2023,National,76,147,301,318,235,244,212,148,71,13,1,0,3,1,2,5,7,13,8,2,3,0,1,1,2,5,6,11,9,5,2,0,2,1,0,1,8,5,9,9
16-Mar-2023,National,68,152,267,286,232,213,209,159,45,16,1,2,0,2,1,2,6,9,3,2,1,1,2,3,1,1,4,11,9,1,1,0,2,1,2,5,5,15,12,6
17-Mar-2023,National,68,121,228,224,184,174,193,145,82,15,2,1,1,2,2,1,7,13,11,2,3,0,0,2,3,2,5,18,7,2,2,1,0,2,4,6,6,13,6,1
18-Mar-2023,National,51,74,133,169,128,149,132,118,52,10,4,0,1,0,3,0,2,10,6,4,2,1,1,0,1,2,2,4,7,1,2,0,1,2,1,2,1,5,2,0
19-Mar-2023,National,53,100,186,221,190,169,144,107,38,8,1,2,2,2,3,2,5,6,7,3,2,2,1,2,2,1,6,7,6,5,4,3,0,2,0,0,1,5,7,3
20-Mar-2023,National,87,184,318,338,300,311,278,210,102,16,3,0,2,2,2,0,3,16,7,1,3,1,2,3,2,0,4,16,6,3,4,0,2,2,1,1,4,6,10,7
21-Mar-2023,National,79,176,269,278,225,255,230,186,65,17,2,2,1,3,4,3,5,12,3,2,3,1,1,3,4,3,6,10,5,1,2,1,0,4,5,4,5,10,12,3
22-Mar-2023,National,92,136,282,264,214,264,214,194,95,12,2,0,0,1,1,4,8,14,9,1,1,0,1,1,3,2,4,12,6,0,1,1,1,0,1,2,5,15,5,2
23-Mar-2023,National,84,139,236,254,186,214,220,188,57,16,1,1,2,6,2,1,5,13,7,1,1,1,2,2,0,3,5,14,5,1,1,0,1,3,5,2,6,11,8,3
24-Mar-2023,National,73,111,212,237,201,202,233,164,57,15,5,1,4,1,1,1,7,4,6,2,4,2,4,3,3,0,9,5,11,4,4,2,5,1,0,2,4,22,11,1
25-Mar-2023,National,58,98,141,182,144,138,165,115,36,6,0,1,0,4,1,1,3,8,6,2,3,1,0,1,1,3,5,6,6,0,2,2,1,3,1,1,5,7,8,1
26-Mar-2023,National,74,139,205,226,214,195,158,117,41,5,5,0,1,2,0,1,3,4,4,1,4,0,1,3,0,2,5,9,2,2,1,0,1,2,1,1,6,1,3,2
27-Mar-2023,National,114,231,351,402,344,327,294,216,96,17,1,0,1,4,4,4,9,5,7,5,0,0,2,5,2,4,8,6,7,6,3,1,0,5,0,3,10,14,12,3
28-Mar-2023,National,94,175,309,306,271,262,241,165,71,15,1,4,3,5,2,1,7,7,6,3,2,2,2,5,5,2,9,5,5,3,2,3,3,4,3,1,8,10,6,3
29-Mar-2023,National,69,131,265,319,274,242,250,196,67,11,6,0,0,6,0,2,4,6,8,0,7,0,1,4,1,3,1,7,13,1,4,0,1,5,2,2,4,6,7,4
30-Mar-2023,National,86,139,268,285,246,246,196,173,68,10,4,0,1,1,4,4,4,5,8,2,1,1,1,4,2,4,6,8,4,2,4,1,0,3,2,3,7,5,11,4
31-Mar-2023,National,81,133,187,271,232,221,215,166,62,14,3,0,1,2,1,6,3,9,10,1,2,0,3,3,0,3,5,10,8,3,4,0,2,6,1,6,6,6,5,2
01-Apr-2023,National,52,96,133,206,154,203,188,126,48,8,1,0,1,1,2,2,3,8,10,2,6,0,2,0,4,2,6,12,13,2,4,0,2,1,2,1,3,6,5,0
02-Apr-2023,National,67,125,189,245,262,225,210,148,57,18,4,1,3,0,1,1,1,14,7,2,1,1,2,1,3,2,3,10,8,5,2,1,1,2,3,2,2,3,8,1
03-Apr-2023,National,125,231,352,347,354,317,334,264,112,23,1,0,0,1,3,3,7,9,6,5,1,0,0,1,2,3,6,11,9,2,0,0,1,1,1,2,5,15,4,1
04-Apr-2023,National,125,205,279,340,298,302,274,189,104,27,5,0,0,0,2,5,6,14,10,3,5,1,0,0,1,3,5,12,9,5,4,0,0,1,3,6,6,16,10,2
05-Apr-2023,National,103,170,291,307,288,281,267,210,82,27,3,0,0,0,1,3,5,11,10,6,2,0,0,2,3,4,4,9,11,11,3,0,0,0,3,5,3,14,12,2
06-Apr-2023,National,98,147,226,273,241,216,234,238,100,30,3,1,3,1,1,1,3,20,14,9,2,1,3,1,1,1,3,15,11,3,3,0,2,2,3,3,5,10,11,1
07-Apr-2023,National,72,84,124,163,168,157,180,130,53,17,3,0,4,2,0,4,7,13,8,4,6,0,2,2,1,6,4,20,13,3,3,0,2,1,2,3,2,7,8,1
08-Apr-2023,National,60,93,111,171,179,197,178,168,71,18,4,1,0,2,1,3,6,8,7,5,1,1,2,2,1,3,5,9,7,6,3,0,1,1,0,2,0,5,4,3
09-Apr-2023,National,62,102,164,185,197,189,184,132,73,19,4,1,2,0,3,6,6,15,16,6,4,0,1,0,3,5,8,6,14,2,2,2,1,1,2,4,5,7,4,3
10-Apr-2023,National,96,152,274,339,296,289,249,166,75,16,4,0,2,0,2,5,6,12,10,4,5,1,1,0,1,7,6,10,10,6,6,0,1,0,0,3,2,8,7,1
11-Apr-2023,National,129,208,416,557,421,412,429,254,143,35,6,0,3,3,2,4,4,10,13,3,3,0,2,3,1,7,7,14,13,5,4,0,3,2,1,5,6,16,12,6
12-Apr-2023,National,107,151,358,436,332,344,332,247,100,34,1,2,1,2,2,3,9,11,14,7,3,1,3,2,2,1,5,13,10,3,2,1,3,1,0,4,8,15,12,5
13-Apr-2023,National,82,161,331,351,338,297,312,244,111,21,2,0,1,3,4,3,9,13,13,2,2,0,1,1,3,3,8,12,16,5,1,0,1,2,5,5,9,15,9,5
14-Apr-2023,National,84,126,249,277,240,265,261,212,90,21,7,0,3,1,4,2,11,12,14,3,8,0,1,1,4,5,10,15,12,5,5,0,1,0,2,4,8,10,15,4
15-Apr-2023,National,50,96,145,177,172,189,198,129,56,9,2,0,2,1,2,6,8,6,14,0,3,0,0,2,1,2,9,7,12,1,7,0,1,2,0,2,5,8,5,3
16-Apr-2023,National,68,104,214,280,225,225,203,122,54,14,2,0,1,4,1,3,4,12,6,3,2,1,2,6,1,3,5,13,7,2,2,0,2,2,3,3,5,5,3,1
17-Apr-2023,National,118,184,409,471,408,419,367,237,117,21,3,1,3,4,2,2,10,18,12,2,2,0,5,2,2,3,9,12,15,1,3,0,3,4,1,5,3,13,20,5
18-Apr-2023,National,84,142,311,348,273,306,291,213,113,33,3,0,1,0,3,5,7,12,16,1,4,0,2,2,3,2,9,13,17,2,4,1,4,0,1,3,13,11,14,4
19-Apr-2023,National,83,121,317,363,274,308,280,214,89,12,2,0,1,6,3,2,9,17,18,1,2,0,1,6,2,3,7,14,16,1,2,0,1,6,3,4,11,19,14,1
20-Apr-2023,National,82,111,283,274,250,246,212,168,74,23,9,0,0,2,1,4,6,10,8,5,8,1,3,2,5,5,5,8,8,6,7,0,1,0,2,2,9,13,14,7
21-Apr-2023,National,66,105,220,201,221,232,195,159,73,19,4,0,3,3,3,6,7,9,11,2,5,1,1,2,3,7,5,15,13,3,3,1,4,6,6,5,10,17,13,10
22-Apr-2023,National,52,68,150,143,148,155,167,125,35,7,2,1,2,2,2,5,4,5,5,2,2,0,2,1,2,5,5,13,4,2,6,1,2,2,3,6,3,7,9,3
23-Apr-2023,National,52,74,162,183,173,178,156,141,46,9,3,1,0,2,2,3,5,13,8,5,2,1,0,3,2,3,7,7,16,6,5,1,1,3,2,3,4,7,4,3
24-Apr-2023,National,75,125,283,290,252,277,233,197,114,24,5,0,3,2,0,4,10,9,17,6,6,0,1,1,1,3,7,6,14,4,1,1,1,3,1,3,8,13,16,1
25-Apr-2023,National,61,131,221,245,228,207,194,111,68,15,4,1,0,1,3,0,3,7,7,4,3,1,0,2,4,2,2,14,10,4,5,0,0,2,3,0,5,10,10,1
26-Apr-2023,National,81,153,341,337,276,306,274,186,99,25,3,1,1,4,2,3,5,11,12,7,2,1,0,4,1,3,5,7,11,7,3,0,1,2,1,5,3,11,9,1
27-Apr-2023,National,78,119,265,281,220,268,210,161,85,25,5,1,3,4,2,6,6,14,16,3,4,0,3,4,1,5,6,16,7,6,6,2,3,4,0,2,5,10,14,6
28-Apr-2023,National,88,109,246,233,257,209,201,161,89,22,6,0,5,0,1,4,7,13,12,4,4,1,5,1,2,3,8,21,13,3,4,1,1,1,2,4,5,18,11,10
29-Apr-2023,National,45,75,127,162,135,140,130,102,42,10,1,0,1,1,2,2,5,11,6,3,3,0,0,2,3,2,4,8,8,3,4,0,1,2,2,2,5,8,7,1
30-Apr-2023,National,58,125,198,229,198,189,169,124,38,8,2,1,1,4,1,3,4,9,5,2,2,1,2,2,0,2,5,8,8,4,1,1,4,0,0,3,1,7,2,1
01-May-2023,National,104,177,318,371,338,336,313,199,111,25,2,1,1,2,2,7,10,10,14,4,6,0,1,2,1,6,11,8,14,4,3,0,1,0,3,2,11,12,14,6
02-May-2023,National,99,163,312,316,291,254,242,171,82,28,6,1,2,1,3,4,5,6,10,3,3,3,2,2,3,6,6,7,8,6,3,1,2,4,3,3,7,11,12,5
03-May-2023,National,102,160,302,320,283,245,234,153,73,24,3,1,0,1,3,7,3,8,9,5,4,1,1,1,3,9,5,9,11,3,5,0,0,0,0,9,4,12,19,2
04-May-2023,National,92,165,271,322,268,285,218,148,67,18,4,1,5,1,4,5,5,9,15,3,6,0,3,2,0,4,3,10,15,2,6,1,3,2,2,6,7,7,13,3
05-May-2023,National,90,147,231,277,214,212,188,160,63,17,2,3,1,2,2,4,7,16,10,8,0,3,1,1,1,4,8,10,5,1,2,3,2,3,4,6,4,15,10,3
06-May-2023,National,72,132,142,211,192,155,147,109,39,22,2,0,1,0,1,2,7,12,9,4,3,0,1,2,2,4,7,7,11,3,0,0,0,0,1,1,6,4,6,0
07-May-2023,National,93,152,181,256,221,202,166,86,43,17,6,2,1,4,2,3,8,8,9,5,4,2,0,3,2,2,6,7,10,2,3,3,1,1,1,4,5,5,5,3
08-May-2023,National,164,281,323,418,354,328,261,196,90,20,1,1,1,3,6,3,5,10,21,1,1,0,4,2,4,2,7,10,11,3,2,0,2,3,3,4,8,16,8,7
09-May-2023,National,124,216,316,314,341,246,174,134,66,23,2,0,3,3,4,7,4,6,9,3,4,0,2,3,3,6,12,10,10,3,4,1,2,3,4,4,11,9,18,3
10-May-2023,National,124,173,247,312,260,264,203,141,67,30,8,1,0,3,0,8,12,9,10,4,6,1,2,2,4,5,5,10,8,3,2,1,2,4,6,7,8,11,11,6
11-May-2023,National,113,197,274,263,225,216,193,124,73,11,8,0,2,0,2,2,7,16,13,1,7,1,0,0,3,2,7,13,8,1,5,0,0,2,4,3,7,13,11,3
12-May-2023,National,86,173,205,201,197,207,164,106,58,13,2,1,2,1,5,1,7,7,4,3,4,0,1,1,4,1,6,6,7,3,8,1,3,2,3,4,9,6,17,3
13-May-2023,National,66,109,124,176,172,134,116,85,33,6,2,1,1,2,2,1,5,9,9,3,2,1,3,1,2,1,7,11,12,1,1,1,0,0,4,3,6,7,3,3
14-May-2023,National,116,166,187,235,217,203,121,78,41,13,6,0,2,2,0,4,4,10,10,5,7,1,2,2,0,4,4,5,6,9,5,0,2,1,0,2,1,4,1,1
15-May-2023,National,176,374,360,429,334,306,234,137,64,25,4,1,1,5,2,6,7,11,3,3,7,2,1,4,3,6,6,10,7,7,3,0,2,4,1,5,9,9,22,4
16-May-2023,National,126,331,330,369,306,313,194,124,62,26,7,1,4,2,4,2,9,13,11,8,4,1,4,3,2,3,9,9,14,2,6,0,1,2,1,2,11,13,13,5
17-May-2023,National,165,247,288,390,329,260,214,154,85,28,4,2,2,3,4,3,13,10,7,2,5,0,1,0,6,3,8,15,4,3,4,1,2,0,3,4,3,17,10,6
18-May-2023,National,137,226,285,305,271,237,194,137,61,18,5,2,2,0,2,5,8,6,9,2,5,2,2,3,4,6,10,7,8,4,4,2,4,1,5,3,6,16,10,5
19-May-2023,National,133,200,200,288,245,278,197,152,59,19,6,0,1,4,3,3,6,8,8,4,4,1,0,5,1,3,6,6,7,2,4,2,0,0,2,5,7,10,11,9
20-May-2023,National,83,159,156,206,176,176,152,88,50,6,3,0,2,4,4,2,5,9,14,1,4,1,1,1,3,2,4,11,10,3,1,0,0,5,2,3,5,4,3,1
21-May-2023,National,107,195,188,276,247,238,166,101,38,12,5,1,1,1,2,5,3,6,5,6,4,0,2,1,3,3,2,4,11,6,5,1,1,2,2,2,5,5,4,2
22-May-2023,National,214,375,394,504,425,362,262,180,100,27,4,1,3,4,2,7,8,8,11,1,5,1,0,3,2,9,8,6,9,3,6,3,2,4,3,7,8,8,14,4
23-May-2023,National,193,331,358,400,376,320,238,145,63,25,8,1,1,6,5,8,8,12,7,4,5,2,1,6,4,8,8,10,9,1,8,0,1,5,6,4,7,19,15,4
24-May-2023,National,131,268,333,366,349,312,245,148,72,12,4,2,1,2,2,6,8,9,17,4,1,0,3,1,2,4,5,6,10,2,4,1,2,2,6,8,13,10,13,3
25-May-2023,National,123,256,275,318,292,252,210,123,65,9,5,0,1,4,3,2,4,5,9,1,10,0,1,5,2,1,1,8,12,2,4,1,1,3,1,5,9,11,19,5
26-May-2023,National,98,202,226,250,225,239,195,144,68,20,3,1,0,0,2,2,3,7,7,5,2,1,3,0,3,2,4,4,5,3,7,1,2,5,6,3,6,13,14,2
27-May-2023,National,63,131,130,188,200,162,156,82,36,11,4,1,2,3,1,2,5,5,9,3,4,1,2,2,1,2,4,6,7,3,5,1,4,3,3,5,5,7,4,0
28-May-2023,National,77,203,242,254,259,244,175,93,38,12,2,0,1,1,0,1,0,4,6,3,2,0,0,3,0,0,1,0,2,0,11,1,5,8,2,13,27,36,54,26
